Lausanne;1000
Lausanne;1003
Lausanne;1004
Lausanne;1005
Lausanne;1006
Pully;1006
Lausanne;1007
Jouxtens-Mézery;1008
Prilly;1008
Renens (VD);1008
Pully;1009
Lausanne;1010
Lausanne;1011
Lausanne;1012
Chavannes-près-Renens;1015
Ecublens (VD);1015
Saint-Sulpice (VD);1015
Lausanne;1018
Renens (VD);1020
Chavannes-près-Renens;1022
Crissier;1023
Lausanne;1023
Ecublens (VD);1024
Saint-Sulpice (VD);1024
Saint-Sulpice (VD);1025
Denges;1026
Echandens;1026
Echandens;1027
Lonay;1027
Préverenges;1028
Villars-Sainte-Croix;1029
Bussigny;1030
Mex (VD);1031
Lausanne;1032
Romanel-sur-Lausanne;1032
Cheseaux-sur-Lausanne;1033
Crissier;1033
Lausanne;1033
Boussens;1034
Bournens;1035
Sullens;1036
Etagnières;1037
Bercher;1038
Boulens;1038
Montanaire;1038
Echallens;1040
Saint-Barthélemy (VD);1040
Villars-le-Terroir;1040
Bottens;1041
Poliez-Pittet;1041
Montilliez;1041
Jorat-Menthue;1041
Bettens;1042
Assens;1042
Bioley-Orjulaz;1042
Montilliez;1043
Fey;1044
Ogens;1045
Bioley-Magnoux;1045
Rueyres;1046
Rueyres;1047
Oppens;1047
Lausanne;1052
Le Mont-sur-Lausanne;1052
Bretigny-sur-Morrens;1053
Cugy (VD);1053
Lausanne;1053
Morrens (VD);1054
Froideville;1055
Jorat-Menthue;1058
Hermenches;1059
Jorat-Menthue;1059
Jorat-Menthue;1061
Jorat-Menthue;1062
Boulens;1063
Montanaire;1063
Jorat-Menthue;1063
Epalinges;1066
Lausanne;1066
Pully;1068
Puidoux;1070
Bourg-en-Lavaux;1070
Chardonne;1070
Chexbres;1071
Puidoux;1071
Rivaz;1071
Saint-Saphorin (Lavaux);1071
Chardonne;1071
Forel (Lavaux);1072
Forel (Lavaux);1073
Savigny;1073
Ferlens (VD);1076
Servion;1077
Essertes;1078
Forel (Lavaux);1080
Servion;1080
Montpreveyres;1081
Corcelles-le-Jorat;1082
Carrouge (VD);1083
Mézières (VD);1083
Carrouge (VD);1084
Vulliens;1084
Vulliens;1085
Ropraz;1088
Lutry;1090
Savigny;1090
Forel (Lavaux);1091
Savigny;1091
Bourg-en-Lavaux;1091
Belmont-sur-Lausanne;1092
Lutry;1092
Lutry;1093
Paudex;1094
Lutry;1095
Bourg-en-Lavaux;1095
Puidoux;1096
Bourg-en-Lavaux;1096
Bourg-en-Lavaux;1097
Puidoux;1098
Bourg-en-Lavaux;1098
Morges;1110
Echichens;1112
Echichens;1113
Echichens;1114
Vullierens;1115
Cottens (VD);1116
Grancy;1117
Bremblens;1121
Romanel-sur-Morges;1122
Aclens;1123
Gollion;1124
Echichens;1125
Vaux-sur-Morges;1126
Clarmont;1127
Apples;1128
Reverolle;1128
Tolochenaz;1131
Lully (VD);1132
Chigny;1134
Vufflens-le-Château;1134
Denens;1135
Bussy-Chardonney;1136
Sévery;1141
Pampigny;1142
Apples;1143
Sévery;1143
Ballens;1144
Bière;1145
Saint-Livres;1145
Mollens (VD);1146
Montricher;1147
La Chaux (Cossonay);1148
Chavannes-le-Veyron;1148
Cuarnens;1148
L'Isle;1148
Mauraz;1148
Moiry;1148
Mont-la-Ville;1148
La Praz;1148
Berolle;1149
Bière;1149
Saint-Prex;1162
Etoy;1163
Buchillon;1164
Allaman;1165
Féchy;1166
Perroy;1166
Lussy-sur-Morges;1167
Villars-sous-Yens;1168
Yens;1169
Aubonne;1170
Montherod;1170
Saint-Livres;1170
Lavigny;1170
Aubonne;1172
Bougy-Villars;1172
Féchy;1173
Aubonne;1174
Montherod;1174
Lavigny;1175
Saint-Livres;1176
Essertines-sur-Rolle;1180
Gilly;1180
Rolle;1180
Tartegnin;1180
Gilly;1182
Bursins;1183
Gilly;1183
Luins;1184
Vinzel;1184
Essertines-sur-Rolle;1185
Mont-sur-Rolle;1185
Rolle;1185
Essertines-sur-Rolle;1186
Gilly;1186
Saint-Oyens;1187
Gimel;1188
Saint-George;1188
Saubraz;1189
Bursinel;1195
Dully;1195
Gilly;1195
Coinsins;1196
Gland;1196
Prangins;1196
Prangins;1197
Genève;1201
Genève;1202
Le Grand-Saconnex;1202
Pregny-Chambésy;1202
Genève;1203
Genève;1204
Genève;1205
Genève;1206
Cologny;1207
Genève;1207
Genève;1208
Genève;1209
Le Grand-Saconnex;1209
Vernier;1209
Carouge (GE);1212
Lancy;1212
Onex;1212
Plan-les-Ouates;1212
Genève;1213
Lancy;1213
Onex;1213
Meyrin;1214
Satigny;1214
Vernier;1214
Le Grand-Saconnex;1215
Meyrin;1215
Le Grand-Saconnex;1216
Meyrin;1216
Vernier;1216
Meyrin;1217
Satigny;1217
Genève;1218
Le Grand-Saconnex;1218
Vernier;1219
Vernier;1220
Choulex;1222
Collonge-Bellerive;1222
Cologny;1222
Corsier (GE);1222
Meinier;1222
Cologny;1223
Vandoeuvres;1223
Chêne-Bougeries;1224
Thônex;1224
Chêne-Bourg;1225
Thônex;1225
Chêne-Bourg;1226
Thônex;1226
Carouge (GE);1227
Genève;1227
Lancy;1227
Confignon;1228
Lancy;1228
Plan-les-Ouates;1228
Chêne-Bougeries;1231
Genève;1231
Thônex;1231
Bernex;1232
Confignon;1232
Bernex;1233
Veyrier;1234
Avusy;1236
Bernex;1236
Cartigny;1236
Laconnex;1236
Avully;1237
Chancy;1237
Collex-Bossy;1239
Presinge;1241
Puplinge;1241
Satigny;1242
Presinge;1243
Choulex;1244
Meinier;1244
Presinge;1244
Collonge-Bellerive;1245
Collonge-Bellerive;1246
Corsier (GE);1246
Anières;1247
Anières;1248
Hermance;1248
Anières;1251
Corsier (GE);1251
Gy;1251
Meinier;1251
Meinier;1252
Chêne-Bougeries;1253
Cologny;1253
Vandoeuvres;1253
Gy;1254
Jussy;1254
Meinier;1254
Presinge;1254
Troinex;1255
Veyrier;1255
Lancy;1256
Plan-les-Ouates;1256
Troinex;1256
Veyrier;1256
Bardonnex;1257
Plan-les-Ouates;1257
Troinex;1257
Bardonnex;1258
Perly-Certoux;1258
Nyon;1260
Prangins;1260
Longirod;1261
Marchissy;1261
Le Vaud;1261
Eysins;1262
Crassier;1263
Arzier-Le Muids;1264
Saint-Cergue;1264
Saint-Cergue;1265
Duillier;1266
Coinsins;1267
Vich;1267
Begnins;1268
Bursins;1268
Burtigny;1268
Vinzel;1268
Bassins;1269
Trélex;1270
Givrins;1271
Genolier;1272
Givrins;1272
Arzier-Le Muids;1273
Grens;1274
Signy-Avenex;1274
Trélex;1274
Chéserex;1275
La Rippe;1275
Chéserex;1276
Gingins;1276
Saint-Cergue;1276
Arnex-sur-Nyon;1277
Borex;1277
La Rippe;1278
Bogis-Bossey;1279
Chavannes-de-Bogis;1279
Russin;1281
Satigny;1281
Dardagny;1283
Chancy;1284
Avusy;1285
Chancy;1285
Bernex;1286
Soral;1286
Laconnex;1287
Aire-la-Ville;1288
Chavannes-des-Bois;1290
Mies;1290
Collex-Bossy;1290
Genthod;1290
Versoix;1290
Commugny;1291
Genève;1292
Pregny-Chambésy;1292
Bellevue;1293
Genthod;1293
Bellevue;1294
Genthod;1294
Mies;1295
Tannay;1295
Commugny;1296
Coppet;1296
Commugny;1297
Coppet;1297
Founex;1297
Céligny;1298
Crans-près-Céligny;1299
Vufflens-la-Ville;1302
Penthaz;1303
Cossonay;1304
Dizy;1304
Senarclens;1304
Penthalaz;1305
Bettens;1306
Daillens;1306
Lussery-Villars;1307
La Chaux (Cossonay);1308
Eclépens;1312
Ferreyres;1313
La Sarraz;1315
La Chaux (Cossonay);1316
Chevilly;1316
Orny;1317
Pompaples;1318
Arnex-sur-Orbe;1321
Croy;1322
Romainmôtier-Envy;1323
Premier;1324
Mont-la-Ville;1325
Vaulion;1325
Juriens;1326
Bretonnières;1329
Vallorbe;1337
Ballaigues;1338
Le Chenit;1341
L'Abbaye;1342
Le Lieu;1343
L'Abbaye;1344
Le Lieu;1345
L'Abbaye;1346
Le Chenit;1347
Le Chenit;1348
Orbe;1350
Agiez;1352
Bofflens;1353
Montcherand;1354
L'Abergement;1355
Sergey;1355
Les Clées;1356
Lignerolle;1357
Valeyres-sous-Rances;1358
Orny;1372
Bavois;1372
Chavornay;1373
Corcelles-sur-Chavornay;1374
Penthéréaz;1375
Goumoëns;1376
Oulens-sous-Echallens;1377
Cheseaux-Noréaz;1400
Cuarny;1400
Yverdon-les-Bains;1400
Cuarny;1404
Villars-Epeney;1404
Pomy;1405
Cronay;1406
Bioley-Magnoux;1407
Donneloye;1407
Donneloye;1408
Montanaire;1409
Prévondavaux;1410
Montanaire;1410
Ursins;1412
Valeyres-sous-Ursins;1412
Orzens;1413
Démoret;1415
Molondin;1415
Pailly;1416
Essertines-sur-Yverdon;1417
Vuarrens;1418
Fiez;1420
Fontaines-sur-Grandson;1421
Grandevent;1421
Grandson;1422
Bonvillars;1423
Tévenon;1423
Champagne;1424
Onnens (VD);1425
Concise;1426
Corcelles-près-Concise;1426
Bonvillars;1427
Concise;1428
Mutrux;1428
Provence;1428
Giez;1429
Orges;1430
Novalles;1431
Vugelles-La Mothe;1431
Belmont-sur-Yverdon;1432
Valeyres-sous-Ursins;1432
Yverdon-les-Bains;1432
Suchy;1433
Ependes (VD);1434
Chavornay;1435
Essert-Pittet;1435
Chamblon;1436
Treycovagnes;1436
Suscévaz;1437
Mathod;1438
Rances;1439
Valeyres-sous-Montagny;1441
Montagny-près-Yverdon;1442
Champvent;1443
Sainte-Croix;1445
Vuiteboeuf;1445
Baulmes;1446
Sainte-Croix;1450
Bullet;1452
Sainte-Croix;1452
Bullet;1453
Fiez;1453
Fontaines-sur-Grandson;1453
Mauborget;1453
Tévenon;1453
Sainte-Croix;1454
Cheseaux-Noréaz;1462
Yvonand;1462
Rovray;1463
Chavannes-le-Chêne;1464
Chêne-Pâquier;1464
Cheyres;1468
Estavayer-le-Lac;1470
Lully (FR);1470
Châtillon (FR);1473
Estavayer-le-Lac;1473
Châbles;1474
Vernay;1475
Cugy (FR);1482
Cugy (FR);1483
Lully (FR);1483
Les Montets;1483
Les Montets;1484
Nuvilly;1485
Valbroye;1485
Vuissens;1486
Murist;1489
Vucherens;1509
Moudon;1510
Syens;1510
Chavannes-sur-Moudon;1512
Hermenches;1513
Rossenges;1513
Corcelles-le-Jorat;1513
Ropraz;1513
Bussy-sur-Moudon;1514
Villars-le-Comte;1515
Montanaire;1515
Curtilles;1521
Lucens;1522
Valbroye;1522
Valbroye;1523
Valbroye;1524
Villeneuve (FR);1525
Henniez;1525
Valbroye;1525
Cremin;1526
Forel-sur-Lucens;1526
Villeneuve (FR);1527
Surpierre;1528
Cheiry;1529
Rueyres-les-Prés;1530
Corcelles-près-Payerne;1530
Payerne;1530
Fétigny;1532
Ménières;1533
Cheiry;1534
Valbroye;1534
Valbroye;1535
Valbroye;1536
Champtauroz;1537
Treytorrens (Payerne);1538
Bussy (FR);1541
Morens (FR);1541
Sévaz;1541
Rueyres-les-Prés;1542
Grandcour;1543
Gletterens;1544
Chevroux;1545
Payerne;1551
Trey;1552
Châtonnaye;1553
Villarzel;1554
Villarzel;1555
Montagny (FR);1562
Corcelles-près-Payerne;1562
Payerne;1562
Belmont-Broye;1563
Belmont-Broye;1564
Vallon;1565
Missy;1565
Saint-Aubin (FR);1566
Delley-Portalban;1567
Delley-Portalban;1568
Belmont-Broye;1580
Avenches;1580
Villarepos;1583
Vully-les-Lacs;1584
Vully-les-Lacs;1585
Vully-les-Lacs;1586
Vully-les-Lacs;1587
Cudrefin;1588
Vully-les-Lacs;1589
Clavaleyres;1595
Faoug;1595
Puidoux;1607
Oron;1607
Chapelle (Glâne);1608
Oron;1608
Saint-Martin (FR);1609
Oron;1610
La Verrerie;1611
Attalens;1612
Oron;1612
Maracon;1613
Granges (Veveyse);1614
Chardonne;1614
Bossonnens;1615
Attalens;1616
Attalens;1617
Remaufens;1617
Châtel-Saint-Denis;1618
Remaufens;1618
Châtel-Saint-Denis;1619
Semsales;1623
Semsales;1624
La Verrerie;1624
Sâles;1625
Sâles;1626
Vaulruz;1627
Semsales;1627
Riaz;1628
Vuadens;1628
Bulle;1630
Riaz;1632
Marsens;1633
La Roche;1634
Bulle;1635
Gruyères;1635
Le Pâquier (FR);1635
Broc;1636
Gruyères;1636
Val-de-Charmey;1637
Morlon;1638
Sorens;1642
Pont-en-Ogoz;1643
Pont-en-Ogoz;1644
Pont-en-Ogoz;1645
Corbières;1646
Echarlens;1646
Corbières;1647
Hauteville;1648
Pont-la-Ville;1649
Corbières;1651
Botterens;1652
Châtel-sur-Montsalvens;1653
Crésuz;1653
Val-de-Charmey;1654
Jaun;1656
Boltigen;1657
Saanen;1657
Rossinière;1658
Château-d'Oex;1659
Rougemont;1659
Château-d'Oex;1660
Gruyères;1661
Le Pâquier (FR);1661
Gruyères;1663
Bas-Intyamon;1665
Grandvillard;1666
Bas-Intyamon;1666
Bas-Intyamon;1667
Haut-Intyamon;1669
Ursy;1670
Auboranges;1673
Ecublens (FR);1673
Rue;1673
Montet (Glâne);1674
Ursy;1674
Rue;1675
Ursy;1675
Siviriez;1676
Siviriez;1677
Siviriez;1678
Siviriez;1679
Mézières (FR);1680
Romont (FR);1680
Siviriez;1680
La Folliaz;1680
Billens-Hennens;1681
Dompierre (VD);1682
Lovatens;1682
Prévonloup;1682
Valbroye;1682
Brenles;1683
Chesalles-sur-Moudon;1683
Sarzens;1683
Mézières (FR);1684
Vuisternens-dev-Romont;1685
Grangettes;1686
Vuisternens-dev-Romont;1686
Vuisternens-dev-Romont;1687
Vuisternens-dev-Romont;1688
Le Châtelard;1689
Villaz-Saint-Pierre;1690
Villorsonnens;1690
La Folliaz;1690
La Folliaz;1691
Massonnens;1692
Villorsonnens;1694
Gibloux;1695
Gibloux;1696
Vuisternens-dev-Romont;1697
Le Flon;1699
Fribourg;1700
Düdingen;1700
Tafers;1700
Alterswil;1712
Schmitten (FR);1712
Tafers;1712
Alterswil;1713
St. Antoni;1713
Schmitten (FR);1713
Tafers;1713
Heitenried;1714
St. Antoni;1714
Alterswil;1715
St. Antoni;1715
St. Ursen;1715
Jaun;1716
Val-de-Charmey;1716
Oberschrot;1716
Plaffeien;1716
Alterswil;1717
St. Ursen;1717
Rechthalten;1718
St. Ursen;1718
Brünisried;1719
Oberschrot;1719
Zumholz;1719
Chésopelloz;1720
Corminboeuf;1720
Misery-Courtion;1721
Avenches;1721
Fribourg;1722
Marly;1723
Pierrafortscha;1723
Villarsel-sur-Marly;1723
Ferpicloz;1724
Le Mouret;1724
Senèdes;1724
Treyvaux;1724
St. Silvester;1724
Arconciel;1725
Hauterive (FR);1725
Gibloux;1726
Gibloux;1727
Gibloux;1728
Hauterive (FR);1730
Ependes (FR);1731
Arconciel;1732
La Roche;1733
Treyvaux;1733
St. Silvester;1734
Tentlingen;1734
Giffers;1735
Rechthalten;1735
St. Silvester;1736
Plasselb;1737
Guggisberg;1738
Rüschegg;1738
Plaffeien;1738
Neyruz (FR);1740
Cottens (FR);1741
Autigny;1742
Chénens;1744
Autigny;1745
La Brillaz;1745
Prez-vers-Noréaz;1746
Corserey;1747
Torny;1748
Torny;1749
Villars-sur-Glâne;1752
Corminboeuf;1753
Matran;1753
Avry;1754
La Brillaz;1756
Noréaz;1757
Givisiez;1762
Granges-Paccot;1763
Grolley;1772
Ponthaux;1772
Belmont-Broye;1773
Montagny (FR);1774
Montagny (FR);1775
Montagny (FR);1776
Belmont-Broye;1776
Belfaux;1782
La Sonnaz;1782
Barberêche;1783
Courtepin;1784
Wallenried;1784
Cressier (FR);1785
Mont-Vully;1786
Mont-Vully;1787
Vully-les-Lacs;1787
Mont-Vully;1788
Mont-Vully;1789
Courtepin;1791
Gurmels;1792
Murten;1793
Murten;1794
Murten;1795
Courgevaux;1796
Münchenwiler;1797
Vevey;1800
Chardonne;1801
Chardonne;1802
Corseaux;1802
Chardonne;1803
Jongny;1803
Corsier-sur-Vevey;1804
Jongny;1804
Chardonne;1805
Corsier-sur-Vevey;1805
Jongny;1805
Saint-Légier-La Chiésaz;1806
Blonay;1807
Montreux;1807
Attalens;1808
Corsier-sur-Vevey;1808
Corsier-sur-Vevey;1809
La Tour-de-Peilz;1814
Montreux;1815
Blonay;1816
Montreux;1816
Montreux;1817
Montreux;1820
Veytaux;1820
Montreux;1822
Montreux;1823
Montreux;1824
Montreux;1832
Montreux;1833
Villeneuve (VD);1844
Noville;1845
Chessel;1846
Yvorne;1846
Rennaz;1847
Roche (VD);1852
Yvorne;1852
Yvorne;1853
Leysin;1854
Corbeyrier;1856
Aigle;1860
Ollon;1860
Ormont-Dessous;1862
Aigle;1863
Ormont-Dessous;1863
Ormont-Dessous;1864
Ormont-Dessus;1864
Ormont-Dessus;1865
Ollon;1866
Ormont-Dessous;1866
Ormont-Dessus;1866
Ollon;1867
Collombey-Muraz;1868
Massongex;1869
Monthey;1870
Monthey;1871
Massongex;1871
Collombey-Muraz;1872
Troistorrents;1872
Val-d'Illiez;1873
Champéry;1874
Troistorrents;1875
Bex;1880
Gryon;1880
Bex;1882
Gryon;1882
Ollon;1884
Ollon;1885
Saint-Maurice;1890
Massongex;1891
Vérossaz;1891
Lavey-Morcles;1892
Collombey-Muraz;1893
Vionnaz;1895
Vouvry;1896
Port-Valais;1897
Vouvry;1897
Saint-Gingolph;1898
Vionnaz;1899
Evionnaz;1902
Saint-Maurice;1902
Collonges;1903
Martigny;1904
Vernayaz;1904
Dorénaz;1905
Charrat;1906
Martigny;1906
Saxon;1907
Riddes;1908
Chamoson;1911
Leytron;1911
Leytron;1912
Saillon;1913
Isérables;1914
Riddes;1914
Riddes;1918
Martigny;1920
Vernayaz;1920
Martigny-Combe;1921
Salvan;1922
Salvan;1923
Finhaut;1925
Fully;1926
Vollèges;1927
Bovernier;1927
Martigny;1927
Martigny-Combe;1928
Trient;1929
Bovernier;1932
Martigny-Combe;1932
Sembrancher;1933
Vollèges;1933
Bagnes;1934
Bagnes;1936
Orsières;1937
Orsières;1938
Vollèges;1941
Vollèges;1942
Orsières;1943
Orsières;1944
Liddes;1945
Bourg-Saint-Pierre;1946
Bagnes;1947
Bagnes;1948
Grimisuat;1950
Savièse;1950
Sion;1950
Chamoson;1955
Ardon;1957
Ayent;1958
Saint-Léonard;1958
Sierre;1958
Sion;1958
Mont-Noble;1961
Savièse;1962
Sion;1962
Vétroz;1963
Conthey;1964
Savièse;1965
Sion;1965
Ayent;1966
Sion;1967
Mont-Noble;1968
Saint-Martin (VS);1969
Grimisuat;1971
Sion;1971
Ayent;1972
Arbaz;1972
Mont-Noble;1973
Arbaz;1974
Conthey;1975
Conthey;1976
Icogne;1977
Icogne;1978
Lens;1978
Vex;1981
Hérémence;1982
Saint-Martin (VS);1982
Evolène;1983
Evolène;1984
Evolène;1985
Evolène;1986
Hérémence;1987
Vex;1988
Sion;1991
Veysonnaz;1991
Les Agettes;1992
Vex;1992
Sion;1992
Nendaz;1993
Sion;1993
Veysonnaz;1993
Nendaz;1994
Sion;1994
Nendaz;1996
Nendaz;1997
Milvignes;2000
Neuchâtel;2000
Milvignes;2012
Boudry;2013
Milvignes;2013
Boudry;2014
Milvignes;2014
Boudry;2015
Cortaillod;2016
Boudry;2017
Boudry;2019
Rochefort;2019
Bevaix;2022
Gorgier;2023
Saint-Aubin-Sauges;2024
Gorgier;2025
Fresens;2027
Montalchez;2027
Saint-Aubin-Sauges;2027
Concise;2028
Saint-Aubin-Sauges;2028
Vaumarcus;2028
Peseux;2034
Corcelles-Cormondrèche;2035
Rochefort;2035
Milvignes;2035
Corcelles-Cormondrèche;2036
Milvignes;2036
Corcelles-Cormondrèche;2037
Rochefort;2037
Val-de-Ruz;2037
Valangin;2042
Val-de-Ruz;2042
Val-de-Ruz;2043
Val-de-Ruz;2046
Val-de-Ruz;2052
Val-de-Ruz;2053
Val-de-Ruz;2054
Val-de-Ruz;2056
Val-de-Ruz;2057
Val-de-Ruz;2058
Val-de-Ruz;2063
Val-de-Ruz;2065
Enges;2067
Neuchâtel;2067
Val-de-Ruz;2067
Hauterive (NE);2068
Cornaux;2072
Cressier (NE);2072
Saint-Blaise;2072
Enges;2073
Le Landeron;2073
La Tène;2074
Cornaux;2075
La Tène;2075
Cornaux;2087
Cressier (NE);2087
Cressier (NE);2088
Gorgier;2103
Rochefort;2103
Val-de-Travers;2103
Val-de-Travers;2105
Provence;2108
Val-de-Travers;2108
Val-de-Travers;2112
Val-de-Travers;2113
Val-de-Travers;2114
Val-de-Travers;2115
Val-de-Travers;2116
La Côte-aux-Fées;2117
Val-de-Travers;2123
La Brévine;2124
Val-de-Travers;2124
Les Verrières;2126
Val-de-Travers;2126
Val-de-Travers;2127
Boudry;2149
Rochefort;2149
Val-de-Ruz;2206
Val-de-Ruz;2207
Val-de-Ruz;2208
La Chaux-de-Fonds;2300
La Chaux-de-Fonds;2314
La Sagne;2314
Les Ponts-de-Martel;2316
Rochefort;2318
Brot-Plamboz;2318
Val-de-Travers;2318
La Chaux-de-Fonds;2322
Le Locle;2322
Les Planchettes;2325
La Ferrière;2333
Sonvilier;2333
Les Bois;2336
Le Noirmont;2336
Muriaux;2338
Le Noirmont;2340
Saint-Imier;2345
Sonvilier;2345
Villeret;2345
Les Breuleux;2345
La Chaux-des-Breuleux;2345
Muriaux;2345
Le Noirmont;2345
Saignelégier;2350
Les Enfers;2353
Saignelégier;2353
Saignelégier;2354
Le Bémont (JU);2360
Montfaucon;2362
Le Bémont (JU);2363
Les Enfers;2363
Saint-Brais;2364
Les Brenets;2400
Le Cerneux-Péquignot;2400
La Chaux-du-Milieu;2400
Le Locle;2400
Le Cerneux-Péquignot;2405
La Chaux-du-Milieu;2405
La Brévine;2406
Le Cerneux-Péquignot;2406
La Chaux-du-Milieu;2406
Les Verrières;2406
Val-de-Travers;2406
Le Cerneux-Péquignot;2414
Les Brenets;2416
Biel/Bienne;2502
Biel/Bienne;2503
Brügg;2503
Biel/Bienne;2504
Brügg;2504
Orpund;2504
Biel/Bienne;2505
Twann-Tüscherz;2505
Twann-Tüscherz;2512
Ligerz;2513
Twann-Tüscherz;2513
La Neuveville;2514
Ligerz;2514
Plateau de Diesse;2515
Plateau de Diesse;2516
Twann-Tüscherz;2516
Plateau de Diesse;2517
Nods;2518
Val-de-Ruz;2518
La Neuveville;2520
Le Landeron;2520
La Neuveville;2523
Nods;2523
Plateau de Diesse;2523
Le Landeron;2523
Lignières;2523
Val-de-Ruz;2523
Gals;2525
Le Landeron;2525
Biel/Bienne;2532
Evilard;2532
Twann-Tüscherz;2532
Evilard;2533
Corgémont;2534
Orvin;2534
Nods;2534
Sauge;2535
Péry-La Heutte;2535
Romont (BE);2536
Sauge;2536
Sauge;2537
Romont (BE);2538
Grenchen;2540
Pieterlen;2542
Lengnau (BE);2543
Bettlach;2544
Selzach;2545
Brügg;2552
Orpund;2552
Safnern;2553
Meinisberg;2554
Brügg;2555
Scheuren;2556
Schwadernau;2556
Lyss;2557
Studen (BE);2557
Aegerten;2558
Schwadernau;2558
Nidau;2560
Port;2560
Bellmund;2562
Port;2562
Bellmund;2563
Ipsach;2563
Bellmund;2564
Jens;2565
Mörigen;2572
Sutz-Lattrigen;2572
Lüscherz;2575
Hagneck;2575
Täuffelen;2575
Lüscherz;2576
Vinelz;2576
Finsterhennen;2577
Siselen;2577
Romont (BE);2603
Péry-La Heutte;2603
Péry-La Heutte;2604
Sonceboz-Sombeval;2605
Corgémont;2606
Sonceboz-Sombeval;2606
Cortébert;2607
Corgémont;2608
Cortébert;2608
Courtelary;2608
Cormoret;2610
Courtelary;2610
Saint-Imier;2610
Sonvilier;2610
Villeret;2610
Cormoret;2612
Cormoret;2613
Villeret;2613
Sonvilier;2615
Renan (BE);2616
Val-de-Ruz;2616
Reconvilier;2710
Tavannes;2710
Saicourt;2712
Petit-Val;2712
Saicourt;2713
Les Genevez (JU);2714
Petit-Val;2715
Petit-Val;2716
Rebévelier;2717
Petit-Val;2717
Saulcy;2718
Lajoux (JU);2718
Montfaucon;2718
Corgémont;2720
Sonceboz-Sombeval;2720
Tramelan;2720
Saicourt;2720
Tavannes;2720
Tramelan;2722
Cortébert;2723
Courtelary;2723
Mont-Tramelan;2723
Tramelan;2723
Péry-La Heutte;2732
Loveresse;2732
Reconvilier;2732
Saicourt;2732
Saules (BE);2732
Valbirse;2733
Péry-La Heutte;2735
Champoz;2735
Court;2735
Valbirse;2735
Sorvilier;2736
Court;2738
Moutier;2740
Perrefitte;2740
Roches (BE);2740
Perrefitte;2742
Eschert;2743
Belprahon;2744
Grandval;2745
Crémines;2746
Corcelles (BE);2747
Crémines;2747
Seehof;2747
Aedermannsdorf;2747
Perrefitte;2748
Petit-Val;2748
Haute-Sorne;2748
Roches (BE);2762
Courrendlin;2800
Delémont;2800
Develier;2802
Bourrignon;2803
Pleigne;2803
Soyhières;2805
Mettembert;2806
Pleigne;2806
Pleigne;2807
La Baroche;2807
Movelier;2812
Ederswiler;2813
Movelier;2813
Pleigne;2813
Kleinlützel;2814
Roggenburg;2814
Pleigne;2814
Courroux;2822
Courroux;2823
Val Terbi;2824
Courchapoix;2825
Corban;2826
Schelten;2827
Beinwil (SO);2827
Mervelier;2827
Val Terbi;2828
Val Terbi;2829
Courrendlin;2830
Vellerat;2830
Rebeuvelier;2832
Val Terbi;2832
Rossemaison;2842
Châtillon (JU);2843
Courtételle;2852
Delémont;2852
Haute-Sorne;2853
Haute-Sorne;2854
Haute-Sorne;2855
Boécourt;2856
Boécourt;2857
Haute-Sorne;2863
Haute-Sorne;2864
Saulcy;2873
Saint-Brais;2873
Saint-Brais;2882
Clos du Doubs;2882
Boécourt;2883
Saint-Brais;2883
Clos du Doubs;2883
La Baroche;2883
Clos du Doubs;2884
Clos du Doubs;2885
Saint-Brais;2886
Clos du Doubs;2886
Soubey;2887
Clos du Doubs;2888
Fontenais;2889
Clos du Doubs;2889
Porrentruy;2900
Fontenais;2902
Fontenais;2903
Fontenais;2904
Courtedoux;2905
Haute-Ajoie;2906
Rocourt;2907
Grandfontaine;2908
Haute-Ajoie;2912
Haute-Ajoie;2914
Bure;2915
Basse-Allaine;2915
Fahy;2916
Haute-Ajoie;2916
Courchavon;2922
Basse-Allaine;2923
Basse-Allaine;2924
Basse-Allaine;2925
Boncourt;2926
Coeuve;2932
Damphreux;2933
Lugnez;2933
Beurnevésin;2935
Alle;2942
Vendlincourt;2943
Bonfol;2944
La Baroche;2946
La Baroche;2947
Courgenay;2950
Cornol;2952
Courgenay;2952
La Baroche;2953
La Baroche;2954
Bern;3004
Bern;3005
Bern;3006
Bern;3007
Köniz;3007
Bern;3008
Bern;3010
Bern;3011
Bern;3012
Bern;3013
Bern;3014
Bern;3015
Bern;3018
Bern;3019
Bern;3020
Frauenkappelen;3020
Bern;3027
Bern;3032
Wohlen bei Bern;3032
Wohlen bei Bern;3033
Frauenkappelen;3033
Wohlen bei Bern;3034
Seedorf (BE);3035
Wohlen bei Bern;3035
Radelfingen;3036
Wohlen bei Bern;3036
Bern;3037
Kirchlindach;3037
Wohlen bei Bern;3037
Kirchlindach;3038
Meikirch;3042
Kirchlindach;3042
Wohlen bei Bern;3042
Wohlen bei Bern;3043
Wohlen bei Bern;3044
Meikirch;3045
Wohlen bei Bern;3045
Meikirch;3046
Bremgarten bei Bern;3047
Bern;3048
Ittigen;3048
Wohlen bei Bern;3049
Zollikofen;3052
Münchenbuchsee;3052
Rapperswil (BE);3053
Schüpfen;3053
Deisswil b. Münchenbuch.;3053
Diemerswil;3053
Moosseedorf;3053
Münchenbuchsee;3053
Wiggiswil;3053
Schüpfen;3054
Bern;3063
Ittigen;3063
Ostermundigen;3063
Bolligen;3065
Ostermundigen;3065
Bolligen;3066
Stettlen;3066
Vechigen;3066
Ostermundigen;3066
Stettlen;3067
Vechigen;3067
Vechigen;3068
Walkringen;3068
Worb;3068
Bern;3072
Ostermundigen;3072
Bern;3073
Muri bei Bern;3073
Ostermundigen;3073
Muri bei Bern;3074
Worb;3075
Muri bei Bern;3076
Stettlen;3076
Vechigen;3076
Worb;3076
Worb;3077
Worb;3078
Schlosswil;3082
Worb;3082
Münsingen;3083
Bern;3084
Köniz;3084
Oberbalm;3086
Belp;3086
Niedermuhlern;3086
Wald (BE);3086
Niedermuhlern;3087
Rüeggisberg;3087
Wald (BE);3087
Rüeggisberg;3088
Rüeggisberg;3089
Köniz;3095
Oberbalm;3096
Wald (BE);3096
Bern;3097
Köniz;3097
Köniz;3098
Rüschegg;3099
Riggisberg;3099
Rüeggisberg;3099
Münsingen;3110
Münsingen;3111
Tägertschi;3111
Rubigen;3112
Allmendingen;3112
Rubigen;3113
Worb;3113
Kiesen;3114
Wichtrach;3114
Belp;3115
Gerzensee;3115
Mühledorf (BE);3115
Kirchdorf (BE);3116
Mühledorf (BE);3116
Noflen;3116
Köniz;3122
Belp;3122
Kehrsatz;3122
Belp;3123
Kehrsatz;3123
Toffen;3123
Belp;3124
Belp;3125
Gelterfingen;3125
Toffen;3125
Gelterfingen;3126
Kaufdorf;3126
Toffen;3126
Lohnstorf;3127
Mühlethurnen;3127
Kirchenthurnen;3128
Mühlethurnen;3128
Rümligen;3128
Riggisberg;3132
Rüeggisberg;3132
Rümligen;3132
Köniz;3144
Köniz;3145
Oberbalm;3145
Köniz;3147
Oberbalm;3147
Schwarzenburg;3148
Guggisberg;3150
Schwarzenburg;3150
Rüschegg;3152
Schwarzenburg;3152
Rüschegg;3153
Rüschegg;3154
Schwarzenburg;3154
Rüeggisberg;3154
Riggisberg;3155
Rüeggisberg;3155
Guggisberg;3156
Rüschegg;3156
Guggisberg;3157
Rüschegg;3157
Schwarzenburg;3157
Guggisberg;3158
Guggisberg;3159
Köniz;3172
Köniz;3173
Köniz;3174
Neuenegg;3174
Wünnewil-Flamatt;3175
Neuenegg;3176
Wünnewil-Flamatt;3176
Ferenbalm;3177
Laupen;3177
Neuenegg;3177
Bösingen;3178
Kriechenwil;3179
Gurmels;3179
St. Antoni;3182
Schmitten (FR);3182
Ueberstorf;3182
Schwarzenburg;3183
Bösingen;3184
Wünnewil-Flamatt;3184
Bösingen;3185
St. Antoni;3185
Schmitten (FR);3185
Wünnewil-Flamatt;3185
Düdingen;3186
Frauenkappelen;3202
Mühleberg;3202
Mühleberg;3203
Mühleberg;3204
Neuenegg;3204
Ferenbalm;3205
Mühleberg;3205
Gurmels;3205
Ferenbalm;3206
Gurmels;3206
Ferenbalm;3207
Golaten;3207
Wileroltigen;3207
Kerzers;3207
Gurbrü;3208
Gurbrü;3210
Kerzers;3210
Gurmels;3212
Gurmels;3213
Kleinbösingen;3213
Ulmiz;3214
Gempenach;3215
Murten;3215
Ried bei Kerzers;3216
Müntschemier;3225
Kallnach;3226
Treiten;3226
Erlach;3232
Ins;3232
Erlach;3233
Tschugg;3233
Vinelz;3234
Erlach;3235
Gals;3235
Twann-Tüscherz;3235
Gampelen;3236
Ins;3236
Brüttelen;3237
Gals;3238
Aarberg;3250
Kappelen;3250
Lyss;3250
Rapperswil (BE);3251
Wengi;3251
Kappelen;3252
Worben;3252
Schnottwil;3253
Rapperswil (BE);3254
Messen;3254
Rapperswil (BE);3255
Rapperswil (BE);3256
Grossaffoltern;3257
Grossaffoltern;3262
Büetigen;3263
Diessbach bei Büren;3264
Seedorf (BE);3266
Aarberg;3267
Seedorf (BE);3267
Seedorf (BE);3268
Aarberg;3270
Seedorf (BE);3270
Radelfingen;3271
Epsach;3272
Walperswil;3272
Aarberg;3273
Kappelen;3273
Bühl;3274
Hermrigen;3274
Merzligen;3274
Courgevaux;3280
Greng;3280
Meyriez;3280
Murten;3280
Bargen (BE);3282
Bargen (BE);3283
Kallnach;3283
Fräschels;3284
Galmiz;3285
Murten;3285
Muntelier;3286
Lyss;3292
Dotzigen;3293
Büren an der Aare;3294
Dotzigen;3294
Meienried;3294
Rüti bei Büren;3295
Arch;3296
Leuzigen;3297
Oberwil bei Büren;3298
Moosseedorf;3302
Jegenstorf;3303
Zuzwil (BE);3303
Jegenstorf;3305
Iffwil;3305
Fraubrunnen;3306
Messen;3307
Fraubrunnen;3308
Kernenried;3309
Fraubrunnen;3309
Fraubrunnen;3312
Fraubrunnen;3313
Bätterkinden;3314
Fraubrunnen;3314
Bätterkinden;3315
Fraubrunnen;3317
Mattstetten;3322
Moosseedorf;3322
Urtenen-Schönbühl;3322
Bäriswil;3323
Hindelbank;3324
Mötschwil;3324
Hindelbank;3325
Krauchthal;3325
Mötschwil;3325
Bolligen;3326
Krauchthal;3326
Herzogenbuchsee;3360
Niederönz;3362
Herzogenbuchsee;3363
Seeberg;3365
Bettenhausen;3366
Ochlenberg;3367
Thörigen;3367
Bleienbach;3368
Lotzwil;3368
Heimenhausen;3372
Heimenhausen;3373
Wangenried;3374
Inkwil;3375
Berken;3376
Graben;3376
Walliswil bei Wangen;3377
Walliswil bei Niederbipp;3380
Wangen an der Aare;3380
Wiedlisbach;3380
Burgdorf;3400
Kirchberg (BE);3400
Heimiswil;3412
Burgdorf;3413
Heimiswil;3413
Affoltern im Emmental;3413
Burgdorf;3414
Oberburg;3414
Lützelflüh;3414
Hasle bei Burgdorf;3415
Heimiswil;3415
Lützelflüh;3415
Rüegsau;3415
Heimiswil;3416
Affoltern im Emmental;3416
Rüegsau;3416
Sumiswald;3416
Rüegsau;3417
Heimiswil;3418
Affoltern im Emmental;3418
Lützelflüh;3418
Rüegsau;3418
Hasle bei Burgdorf;3419
Lützelflüh;3419
Lyssach;3421
Mötschwil;3421
Oberburg;3421
Rüti bei Lyssach;3421
Ersigen;3422
Kirchberg (BE);3422
Rüdtligen-Alchenflüh;3422
Ersigen;3423
Ersigen;3424
Ersigen;3425
Koppigen;3425
Willadingen;3425
Aefligen;3426
Utzenstorf;3427
Wiler bei Utzenstorf;3427
Wiler bei Utzenstorf;3428
Hellsau;3429
Höchstetten;3429
Hasle bei Burgdorf;3432
Rüderswil;3432
Lützelflüh;3432
Hasle bei Burgdorf;3433
Lauperswil;3433
Rüderswil;3433
Lützelflüh;3433
Landiswil;3434
Lützelflüh;3434
Lützelflüh;3435
Lauperswil;3436
Rüderswil;3436
Rüderswil;3437
Lauperswil;3438
Rüderswil;3438
Rüderswil;3439
Lützelflüh;3439
Lützelflüh;3452
Rüderswil;3453
Lützelflüh;3453
Trachselwald;3453
Lützelflüh;3454
Rüegsau;3454
Sumiswald;3454
Sumiswald;3455
Lützelflüh;3456
Trachselwald;3456
Sumiswald;3457
Wyssachen;3457
Affoltern im Emmental;3462
Sumiswald;3462
Affoltern im Emmental;3463
Dürrenroth;3463
Walterswil (BE);3463
Wynigen;3464
Affoltern im Emmental;3464
Dürrenroth;3464
Walterswil (BE);3464
Dürrenroth;3465
Burgdorf;3472
Ersigen;3472
Heimiswil;3472
Rumendingen;3472
Wynigen;3472
Alchenstorf;3473
Wynigen;3474
Seeberg;3474
Seeberg;3475
Ochlenberg;3476
Seeberg;3476
Thörigen;3476
Konolfingen;3503
Niederhünigen;3504
Oberhünigen;3504
Grosshöchstetten;3506
Mirchel;3506
Oberthal;3506
Zäziwil;3506
Arni (BE);3507
Biglen;3507
Arni (BE);3508
Landiswil;3508
Oberthal;3508
Freimettigen;3510
Häutligen;3510
Konolfingen;3510
Niederhünigen;3510
Wichtrach;3510
Walkringen;3512
Vechigen;3513
Hasle bei Burgdorf;3513
Walkringen;3513
Bowil;3531
Oberthal;3531
Zäziwil;3531
Mirchel;3532
Zäziwil;3532
Oberhünigen;3532
Bowil;3533
Zäziwil;3533
Oberhünigen;3533
Röthenbach im Emmental;3533
Bowil;3534
Signau;3534
Langnau im Emmental;3535
Signau;3535
Eggiwil;3536
Eggiwil;3537
Röthenbach im Emmental;3537
Trub;3537
Trubschachen;3537
Bowil;3538
Linden;3538
Röthenbach im Emmental;3538
Langnau im Emmental;3543
Lauperswil;3543
Signau;3543
Eggiwil;3550
Langnau im Emmental;3550
Lauperswil;3550
Langnau im Emmental;3551
Lauperswil;3551
Trachselwald;3551
Langnau im Emmental;3552
Trub;3552
Langnau im Emmental;3553
Langnau im Emmental;3555
Trub;3555
Trubschachen;3555
Escholzmatt-Marbach;3555
Trub;3556
Trubschachen;3556
Trub;3557
Hilterfingen;3600
Thun;3600
Thun;3603
Thun;3604
Thun;3608
Fahrni;3612
Schwendibach;3612
Steffisburg;3612
Thun;3612
Heimberg;3613
Steffisburg;3613
Buchholterberg;3614
Unterlangenegg;3614
Linden;3615
Röthenbach im Emmental;3615
Buchholterberg;3615
Eriz;3616
Oberlangenegg;3616
Unterlangenegg;3616
Fahrni;3617
Steffisburg;3617
Eggiwil;3618
Röthenbach im Emmental;3618
Buchholterberg;3618
Oberlangenegg;3618
Wachseldorn;3618
Eriz;3619
Horrenbach-Buchen;3619
Sigriswil;3619
Homberg;3622
Horrenbach-Buchen;3623
Sigriswil;3623
Teuffenthal (BE);3623
Homberg;3624
Schwendibach;3624
Thun;3624
Heiligenschwendi;3625
Hilterfingen;3625
Hilterfingen;3626
Thun;3626
Heimberg;3627
Steffisburg;3627
Uttigen;3628
Kiesen;3629
Oppligen;3629
Jaberg;3629
Kirchdorf (BE);3629
Stocken-Höfen;3631
Stocken-Höfen;3632
Amsoldingen;3633
Thierachern;3633
Thierachern;3634
Thierachern;3635
Uebeschi;3635
Thierachern;3636
Forst-Längenbühl;3636
Blumenstein;3638
Pohlern;3638
Spiez;3645
Thun;3645
Zwieselberg;3645
Spiez;3646
Reutigen;3647
Hilterfingen;3652
Oberhofen am Thunersee;3652
Oberhofen am Thunersee;3653
Oberhofen am Thunersee;3654
Sigriswil;3654
Sigriswil;3655
Sigriswil;3656
Sigriswil;3657
Sigriswil;3658
Uetendorf;3661
Seftigen;3662
Gurzelen;3663
Forst-Längenbühl;3663
Burgistein;3664
Gurzelen;3664
Riggisberg;3664
Wattenwil;3664
Burgistein;3665
Wattenwil;3665
Forst-Längenbühl;3665
Brenzikofen;3671
Herbligen;3671
Heimberg;3671
Linden;3672
Oberdiessbach;3672
Bowil;3673
Linden;3673
Oberhünigen;3673
Oberdiessbach;3674
Buchholterberg;3674
Spiez;3700
Aeschi bei Spiez;3702
Spiez;3702
Aeschi bei Spiez;3703
Aeschi bei Spiez;3704
Krattigen;3704
Spiez;3704
Spiez;3705
Därligen;3706
Leissigen;3706
Därligen;3707
Aeschi bei Spiez;3711
Reichenbach im Kandertal;3711
Wimmis;3711
Frutigen;3713
Reichenbach im Kandertal;3713
Frutigen;3714
Reichenbach im Kandertal;3714
Adelboden;3715
Frutigen;3715
Frutigen;3716
Kandergrund;3716
Kandergrund;3717
Kandersteg;3718
Reichenbach im Kandertal;3722
Reichenbach im Kandertal;3723
Frutigen;3724
Adelboden;3725
Frutigen;3725
Wimmis;3752
Diemtigen;3753
Diemtigen;3754
Erlenbach im Simmental;3754
Diemtigen;3755
Diemtigen;3756
Diemtigen;3757
Erlenbach im Simmental;3758
Erlenbach im Simmental;3762
Därstetten;3763
Därstetten;3764
Oberwil im Simmental;3764
Oberwil im Simmental;3765
Oberwil im Simmental;3766
Boltigen;3766
Boltigen;3770
Zweisimmen;3770
Zweisimmen;3771
St. Stephan;3772
Lenk;3773
St. Stephan;3773
Lenk;3775
Zweisimmen;3776
Zweisimmen;3777
Saanen;3777
Saanen;3778
Saanen;3780
Saanen;3781
Lauenen;3782
Saanen;3783
Gsteig;3784
Gsteig;3785
Saanen;3792
Beatenberg;3800
Gsteigwiler;3800
Interlaken;3800
Matten bei Interlaken;3800
Unterseen;3800
Wilderswil;3800
Fieschertal;3801
Beatenberg;3803
Habkern;3804
Ringgenberg (BE);3805
Bönigen;3806
Iseltwald;3807
Wilderswil;3812
Gsteigwiler;3813
Saxeten;3813
Gsteigwiler;3814
Gündlischwand;3815
Wilderswil;3815
Grindelwald;3816
Lütschental;3816
Grindelwald;3818
Lauterbrunnen;3822
Grindelwald;3823
Lauterbrunnen;3823
Lauterbrunnen;3824
Lauterbrunnen;3825
Lauterbrunnen;3826
Ringgenberg (BE);3852
Niederried b. Interlaken;3853
Oberried am Brienzersee;3854
Brienz (BE);3855
Oberried am Brienzersee;3855
Schwanden bei Brienz;3855
Brienz (BE);3856
Brienzwiler;3856
Meiringen;3856
Meiringen;3857
Hofstetten bei Brienz;3858
Meiringen;3860
Schattenhalb;3860
Innertkirchen;3862
Innertkirchen;3863
Guttannen;3864
Brig-Glis;3900
Ried-Brig;3900
Termen;3900
Ried-Brig;3901
Brig-Glis;3902
Naters;3903
Naters;3904
Saas-Almagell;3905
Saas-Fee;3906
Simplon;3907
Zwischbergen;3907
Saas-Balen;3908
Saas-Fee;3910
Saas-Grund;3910
Ried-Brig;3911
Termen;3912
Termen;3913
Naters;3914
Ferden;3916
Ferden;3917
Kippel;3917
Wiler (Lötschen);3918
Blatten;3919
Zermatt;3920
Eisten;3922
Embd;3922
Stalden (VS);3922
Visperterminen;3922
Törbel;3923
St. Niklaus;3924
Grächen;3925
Embd;3926
St. Niklaus;3927
Randa;3928
Täsch;3929
Visp;3930
Visperterminen;3930
Lalden;3931
Visperterminen;3932
Staldenried;3933
Zeneggen;3934
Bürchen;3935
Baltschieder;3937
Ausserberg;3938
Eggerberg;3939
Steg-Hohtenn;3940
Niedergesteln;3942
Raron;3942
Eischoll;3943
Unterbäch;3944
Leuk;3945
Gampel-Bratsch;3945
Turtmann-Unterems;3945
Ergisch;3946
Turtmann-Unterems;3946
Ergisch;3947
Oberems;3948
Turtmann-Unterems;3948
Steg-Hohtenn;3949
Agarn;3951
Leuk;3952
Inden;3953
Leuk;3953
Varen;3953
Leukerbad;3954
Albinen;3955
Albinen;3956
Leuk;3956
Guttet-Feschel;3956
Leuk;3957
Gampel-Bratsch;3957
Montana;3960
Randogne;3960
Sierre;3960
Anniviers;3960
Anniviers;3961
Chermignon;3963
Icogne;3963
Lens;3963
Mollens (VS);3963
Montana;3963
Randogne;3963
Chippis;3965
Sierre;3965
Chalais;3966
Sierre;3966
Chalais;3967
Veyras;3968
Leuk;3970
Salgesch;3970
Chermignon;3971
Lens;3971
Sierre;3971
Miège;3972
Mollens (VS);3972
Randogne;3973
Venthône;3973
Mollens (VS);3974
Randogne;3974
Randogne;3975
Chermignon;3976
Montana;3976
Sierre;3976
Sierre;3977
Lens;3978
Grône;3979
Termen;3982
Bitsch;3982
Riederalp;3982
Bister;3983
Riederalp;3983
Mörel-Filet;3983
Bettmeralp;3983
Fiesch;3984
Fieschertal;3984
Münster-Geschinen;3985
Riederalp;3986
Riederalp;3987
Obergoms;3988
Blitzingen;3989
Niederwald;3989
Grafschaft;3989
Bettmeralp;3991
Bettmeralp;3992
Grengiols;3993
Lax;3994
Bettmeralp;3994
Ernen;3995
Binn;3996
Bellwald;3997
Reckingen-Gluringen;3998
Obergoms;3999
Basel;4001
Basel;4051
Basel;4052
Münchenstein;4052
Basel;4053
Binningen;4053
Basel;4054
Basel;4055
Basel;4056
Basel;4057
Basel;4058
Riehen;4058
Basel;4059
Binningen;4101
Bottmingen;4101
Binningen;4102
Bottmingen;4102
Bottmingen;4103
Oberwil (BL);4104
Biel-Benken;4105
Therwil;4106
Ettingen;4107
Witterswil;4108
Bättwil;4112
Hofstetten-Flüh;4112
Hofstetten-Flüh;4114
Hofstetten-Flüh;4115
Metzerlen-Mariastein;4115
Metzerlen-Mariastein;4116
Burg im Leimental;4117
Rodersdorf;4118
Allschwil;4123
Schönenbuch;4124
Riehen;4125
Bettingen;4126
Birsfelden;4127
Muttenz;4127
Muttenz;4132
Muttenz;4133
Augst;4133
Frenkendorf;4133
Pratteln;4133
Münchenstein;4142
Muttenz;4142
Dornach;4143
Arlesheim;4144
Reinach (BL);4144
Gempen;4145
Hochwald;4146
Aesch (BL);4147
Pfeffingen;4147
Duggingen;4147
Pfeffingen;4148
Aesch (BL);4153
Münchenstein;4153
Reinach (BL);4153
Therwil;4153
Duggingen;4202
Duggingen;4203
Grellingen;4203
Himmelried;4204
Seewen;4206
Bretzwil;4207
Nunningen;4208
Zwingen;4222
Blauen;4223
Nenzlingen;4224
Brislach;4225
Breitenbach;4226
Büsserach;4227
Erschwil;4228
Mümliswil-Ramiswil;4229
Beinwil (SO);4229
Lauwil;4229
Fehren;4232
Meltingen;4233
Zullwil;4234
Brislach;4242
Laufen;4242
Zwingen;4242
Dittingen;4243
Röschenz;4244
Kleinlützel;4245
Roggenburg;4245
Laufen;4246
Wahlen;4246
Grindel;4247
Bärschwil;4252
Laufen;4252
Bärschwil;4253
Liesberg;4253
Liesberg;4254
Augst;4302
Pratteln;4302
Augst;4303
Giebenach;4303
Kaiseraugst;4303
Giebenach;4304
Arisdorf;4305
Magden;4305
Olsberg;4305
Rheinfelden;4310
Magden;4312
Möhlin;4313
Rheinfelden;4313
Zeiningen;4314
Zeiningen;4315
Zuzgen;4315
Hellikon;4316
Wegenstetten;4317
Mumpf;4322
Wallbach;4323
Zeiningen;4323
Obermumpf;4324
Schupfart;4325
Stein (AG);4332
Münchwilen (AG);4333
Sisseln;4334
Frenkendorf;4402
Pratteln;4402
Bubendorf;4410
Liestal;4410
Seltisberg;4411
Nuglar-St. Pantaleon;4412
Seltisberg;4412
Büren (SO);4413
Füllinsdorf;4414
Lausen;4415
Liestal;4415
Bubendorf;4416
Ziefen;4417
Mümliswil-Ramiswil;4418
Lauwil;4418
Reigoldswil;4418
Waldenburg;4418
Lupsingen;4419
Nuglar-St. Pantaleon;4421
Arisdorf;4422
Liestal;4422
Hersberg;4423
Arboldswil;4424
Niederdorf;4424
Arboldswil;4425
Titterten;4425
Lauwil;4426
Bennwil;4431
Niederdorf;4431
Lampenberg;4432
Ramlinsburg;4433
Bennwil;4434
Hölstein;4434
Niederdorf;4435
Oberdorf (BL);4435
Liedertswil;4436
Niederdorf;4436
Oberdorf (BL);4436
Oberdorf (BL);4437
Waldenburg;4437
Holderbank (SO);4438
Hägendorf;4438
Langenbruck;4438
Waldenburg;4438
Thürnen;4441
Diepflingen;4442
Wittinsburg;4442
Tenniken;4443
Wittinsburg;4443
Buckten;4444
Gelterkinden;4444
Rümlingen;4444
Wittinsburg;4444
Buckten;4445
Häfelfingen;4445
Buckten;4446
Läufelfingen;4446
Buckten;4447
Känerkinden;4447
Diegten;4447
Häfelfingen;4448
Läufelfingen;4448
Diegten;4448
Böckten;4450
Itingen;4450
Sissach;4450
Thürnen;4450
Maisprach;4451
Wintersingen;4451
Itingen;4452
Nusshof;4453
Zunzgen;4455
Tenniken;4456
Diegten;4456
Bennwil;4457
Diegten;4457
Hölstein;4457
Läufelfingen;4458
Eptingen;4458
Gelterkinden;4460
Ormalingen;4460
Böckten;4461
Buus;4462
Rickenbach (BL);4462
Buus;4463
Maisprach;4464
Hemmiken;4465
Ormalingen;4465
Hellikon;4465
Hemmiken;4466
Ormalingen;4466
Rothenfluh;4467
Kienberg;4468
Anwil;4469
Tecknau;4492
Wenslingen;4492
Kilchberg (BL);4493
Oltingen;4493
Wenslingen;4493
Oltingen;4494
Wenslingen;4495
Zeglingen;4495
Kilchberg (BL);4496
Rünenberg;4497
Biberist;4500
Bellach;4500
Langendorf;4500
Rüttenen;4500
Solothurn;4500
Bellach;4512
Lommiswil;4512
Langendorf;4513
Lommiswil;4514
Oberdorf (SO);4515
Oberdorf (SO);4522
Rüttenen;4522
Riedholz;4523
Balm bei Günsberg;4524
Günsberg;4524
Balm bei Günsberg;4525
Biberist;4528
Zuchwil;4528
Feldbrunnen-St. Niklaus;4532
Rüttenen;4532
Riedholz;4533
Flumenthal;4534
Hubersdorf;4535
Kammersrohr;4535
Attiswil;4536
Wangen an der Aare;4536
Wiedlisbach;4537
Oberbipp;4538
Farnern;4539
Rumisberg;4539
Deitingen;4542
Luterbach;4542
Deitingen;4543
Derendingen;4552
Luterbach;4552
Subingen;4553
Etziken;4554
Hüniken;4554
Niederönz;4556
Aeschi (SO);4556
Bolken;4556
Horriwil;4557
Drei Höfe;4558
Biberist;4562
Gerlafingen;4563
Obergerlafingen;4563
Zielebach;4564
Obergerlafingen;4564
Recherswil;4565
Halten;4566
Kriegstetten;4566
Oekingen;4566
Lüterkofen-Ichertswil;4571
Bätterkinden;4573
Lohn-Ammannsegg;4573
Lüsslingen-Nennigkofen;4574
Biberist;4574
Selzach;4574
Buchegg;4576
Buchegg;4577
Buchegg;4578
Buchegg;4579
Buchegg;4581
Buchegg;4582
Buchegg;4583
Lüterswil-Gächliwil;4584
Biezwil;4585
Buchegg;4586
Buchegg;4587
Messen;4588
Unterramsern;4588
Buchegg;4588
Trimbach;4600
Olten;4600
Starrkirch-Wil;4600
Wangen bei Olten;4612
Rickenbach (SO);4613
Gunzgen;4614
Hägendorf;4614
Hägendorf;4615
Kappel (SO);4616
Gunzgen;4617
Boningen;4618
Kappel (SO);4618
Egerkingen;4622
Hägendorf;4622
Neuendorf;4623
Härkingen;4624
Oberbuchsiten;4625
Niederbuchsiten;4626
Wolfwil;4628
Fulenbach;4629
Trimbach;4632
Hauenstein-Ifenthal;4633
Trimbach;4634
Wisen (SO);4634
Läufelfingen;4634
Winznau;4652
Obergösgen;4653
Lostorf;4654
Rohr (SO);4655
Stüsslingen;4655
Starrkirch-Wil;4656
Dulliken;4657
Starrkirch-Wil;4657
Däniken;4658
Gretzenbach;4658
Olten;4663
Aarburg;4663
Oftringen;4665
Oensingen;4702
Kestenholz;4703
Niederbipp;4704
Wolfisberg;4704
Balsthal;4710
Laupersdorf;4710
Laupersdorf;4712
Matzendorf;4713
Aedermannsdorf;4714
Herbetswil;4715
Crémines;4716
Gänsbrunnen;4716
Welschenrohr;4716
Aedermannsdorf;4717
Balsthal;4717
Laupersdorf;4717
Mümliswil-Ramiswil;4717
Oberbuchsiten;4718
Holderbank (SO);4718
Aedermannsdorf;4719
Mümliswil-Ramiswil;4719
Lauwil;4719
Zofingen;4800
Rothrist;4802
Strengelbach;4802
Brittnau;4803
Vordemwald;4803
Brittnau;4805
Wikon;4806
Uerkheim;4812
Zofingen;4812
Bottenwil;4813
Kölliken;4813
Uerkheim;4813
Bottenwil;4814
Rothrist;4852
Vordemwald;4852
Wynau;4853
Murgenthal;4853
Murgenthal;4856
Langenthal;4900
Schwarzhäusern;4911
Aarwangen;4912
Bannwil;4912
Bannwil;4913
Roggwil (BE);4914
Murgenthal;4914
Pfaffnau;4915
Murgenthal;4915
Langenthal;4916
Busswil bei Melchnau;4917
Melchnau;4917
Madiswil;4919
Reisiswil;4919
Aarwangen;4922
Thunstetten;4922
Wynau;4923
Langenthal;4924
Obersteckholz;4924
Lotzwil;4932
Madiswil;4932
Rütschelen;4933
Madiswil;4934
Madiswil;4935
Madiswil;4936
Ursenbach;4936
Ursenbach;4937
Auswil;4938
Rohrbach;4938
Rohrbachgraben;4938
Huttwil;4938
Ursenbach;4942
Dürrenroth;4942
Walterswil (BE);4942
Oeschenbach;4943
Ursenbach;4943
Walterswil (BE);4943
Seeberg;4943
Auswil;4944
Huttwil;4950
Eriswil;4952
Huttwil;4952
Sumiswald;4952
Luthern;4952
Ufhusen;4952
Huttwil;4953
Wyssachen;4953
Sumiswald;4954
Wyssachen;4954
Gondiswil;4955
Ufhusen;4955
Aarau;5000
Aarau;5004
Eppenberg-Wöschnau;5012
Schönenwerd;5012
Niedergösgen;5013
Gretzenbach;5014
Erlinsbach (SO);5015
Erlinsbach (SO);5017
Erlinsbach (AG);5017
Erlinsbach (AG);5018
Küttigen;5022
Biberstein;5023
Küttigen;5024
Densbüren;5025
Densbüren;5026
Wölflinswil;5026
Herznach;5027
Ueken;5028
Aarau;5032
Buchs (AG);5033
Suhr;5033
Suhr;5034
Unterentfelden;5035
Oberentfelden;5036
Muhen;5037
Schöftland;5040
Hirschthal;5042
Holziken;5043
Schlossrued;5044
Gontenschwil;5046
Schmiedrued;5046
Staffelbach;5053
Kirchleerau;5054
Moosleerau;5054
Attelwil;5056
Reitnau;5057
Wiliberg;5058
Oberhof;5062
Wölflinswil;5063
Wittnau;5064
Frick;5070
Oeschgen;5072
Gipf-Oberfrick;5073
Eiken;5074
Hornussen;5075
Bözen;5076
Elfingen;5077
Effingen;5078
Effingen;5079
Zeihen;5079
Kaisten;5080
Laufenburg;5080
Kaisten;5082
Kaisten;5083
Laufenburg;5084
Laufenburg;5085
Rupperswil;5102
Möriken-Wildegg;5103
Niederlenz;5103
Rupperswil;5103
Auenstein;5105
Veltheim (AG);5106
Schinznach;5107
Schinznach;5108
Thalheim (AG);5112
Holderbank (AG);5113
Schinznach-Bad;5116
Brugg;5200
Rüfenach;5200
Brugg;5210
Hausen (AG);5210
Windisch;5210
Hausen (AG);5212
Villnachern;5213
Brugg;5222
Riniken;5223
Bözberg;5225
Villigen;5233
Villigen;5234
Remigen;5235
Rüfenach;5235
Remigen;5236
Bözberg;5236
Mönthal;5237
Bözberg;5237
Birr;5242
Lupfig;5242
Mülligen;5243
Birrhard;5244
Habsburg;5245
Scherz;5246
Gansingen;5272
Mettauertal;5273
Mettauertal;5274
Mettauertal;5275
Mettauertal;5276
Mettauertal;5277
Turgi;5300
Untersiggenthal;5300
Untersiggenthal;5301
Würenlingen;5303
Endingen;5304
Endingen;5305
Tegerfelden;5306
Döttingen;5312
Klingnau;5313
Böttstein;5314
Böttstein;5315
Leuggern;5316
Leuggern;5317
Mandach;5318
Klingnau;5322
Koblenz;5322
Rietheim;5323
Full-Reuenthal;5324
Leibstadt;5325
Schwaderloch;5326
Mettauertal;5326
Bad Zurzach;5330
Rekingen (AG);5332
Baldingen;5333
Böbikon;5334
Baden;5400
Baden;5404
Baden;5405
Baden;5406
Birmenstorf (AG);5406
Ennetbaden;5408
Gebenstorf;5412
Birmenstorf (AG);5413
Obersiggenthal;5415
Obersiggenthal;5416
Untersiggenthal;5416
Untersiggenthal;5417
Ehrendingen;5420
Freienwil;5423
Schneisingen;5425
Lengnau (AG);5426
Wettingen;5430
Würenlos;5430
Neuenhof;5432
Würenlos;5436
Fislisbach;5442
Niederrohrdorf;5443
Künten;5444
Eggenwil;5445
Oberrohrdorf;5452
Remetschwil;5453
Bellikon;5454
Oberweningen;5462
Siglistorf;5462
Wislikofen;5463
Rümikon;5464
Mellikon;5465
Kaiserstuhl;5466
Fisibach;5467
Hunzenschwil;5502
Schafisheim;5503
Othmarsingen;5504
Brunegg;5505
Mägenwil;5506
Wohlenschwil;5506
Mellingen;5507
Wohlenschwil;5512
Hägglingen;5522
Tägerig;5522
Niederwil (AG);5524
Fischbach-Göslikon;5525
Ammerswil;5600
Lenzburg;5600
Staufen;5603
Hendschiken;5604
Othmarsingen;5604
Dottikon;5605
Villmergen;5605
Dintikon;5606
Hägglingen;5607
Stetten (AG);5608
Villmergen;5610
Wohlen (AG);5610
Villmergen;5611
Wohlen (AG);5611
Villmergen;5612
Villmergen;5613
Sarmenstorf;5614
Fahrwangen;5615
Meisterschwanden;5615
Meisterschwanden;5616
Meisterschwanden;5617
Sarmenstorf;5618
Bettwil;5618
Büttikon;5619
Uezwil;5619
Bremgarten (AG);5620
Berikon;5621
Zufikon;5621
Waltenschwil;5622
Boswil;5623
Boswil;5624
Bünzen;5624
Kallern;5625
Bremgarten (AG);5626
Besenbüren;5627
Aristau;5628
Aristau;5630
Boswil;5630
Muri (AG);5630
Bettwil;5632
Boswil;5632
Buttwil;5632
Merenschwand;5634
Merenschwand;5636
Auw;5637
Beinwil (Freiamt);5637
Geltwil;5637
Hünenberg;5642
Auw;5642
Mühlau;5642
Auw;5643
Sins;5643
Auw;5644
Sins;5644
Sins;5645
Abtwil;5646
Oberrüti;5647
Niederlenz;5702
Egliswil;5703
Seon;5703
Egliswil;5704
Hallwil;5705
Boniswil;5706
Hallwil;5706
Seengen;5707
Birrwil;5708
Beinwil am See;5712
Gränichen;5722
Unterkulm;5722
Gränichen;5723
Teufenthal (AG);5723
Unterkulm;5723
Dürrenäsch;5724
Teufenthal (AG);5724
Leutwil;5725
Unterkulm;5726
Oberkulm;5727
Gontenschwil;5728
Zetzwil;5732
Leimbach (AG);5733
Reinach (AG);5734
Rickenbach (LU);5735
Burg (AG);5736
Menziken;5737
Kölliken;5742
Safenwil;5745
Dulliken;5746
Walterswil (SO);5746
Luzern;6000
Luzern;6003
Ebikon;6004
Luzern;6004
Horw;6005
Kriens;6005
Luzern;6005
Ebikon;6006
Luzern;6006
Meggen;6006
Kriens;6010
Hergiswil (NW);6010
Kriens;6012
Kriens;6013
Schwarzenberg;6013
Hergiswil (NW);6013
Luzern;6014
Malters;6014
Luzern;6015
Luzern;6016
Malters;6016
Neuenkirch;6016
Ruswil;6016
Ruswil;6017
Buttisholz;6018
Oberkirch;6018
Ruswil;6018
Malters;6019
Ruswil;6019
Emmen;6020
Ebikon;6020
Luzern;6020
Buttisholz;6022
Grosswangen;6022
Rothenburg;6023
Neuenkirch;6023
Hildisrieden;6024
Beromünster;6025
Eschenbach (LU);6026
Rain;6026
Römerswil;6026
Rothenburg;6026
Römerswil;6027
Römerswil;6028
Beromünster;6028
Adligenswil;6030
Buchrain;6030
Ebikon;6030
Emmen;6032
Ebikon;6032
Buchrain;6033
Ballwil;6034
Eschenbach (LU);6034
Inwil;6034
Dietwil;6034
Sins;6034
Buchrain;6035
Root;6035
Dierikon;6036
Root;6037
Inwil;6038
Gisikon;6038
Honau;6038
Root;6038
Root;6039
Dietwil;6042
Adligenswil;6043
Root;6044
Udligenswil;6044
Meggen;6045
Horw;6047
Horw;6048
Kriens;6048
Horw;6052
Hergiswil (NW);6052
Alpnach;6053
Alpnach;6055
Sarnen;6056
Sarnen;6060
Sarnen;6062
Sarnen;6063
Kerns;6064
Kerns;6066
Kerns;6067
Sachseln;6067
Kerns;6068
Sachseln;6072
Sachseln;6073
Giswil;6074
Sachseln;6074
Lungern;6078
Hasliberg;6083
Hasliberg;6084
Hasliberg;6085
Hasliberg;6086
Malters;6102
Malters;6103
Schwarzenberg;6103
Entlebuch;6105
Werthenstein;6105
Malters;6105
Ruswil;6105
Werthenstein;6106
Ruswil;6106
Doppleschwand;6110
Entlebuch;6110
Romoos;6110
Werthenstein;6110
Ruswil;6110
Wolhusen;6110
Menznau;6110
Doppleschwand;6112
Romoos;6113
Wolhusen;6114
Wolhusen;6122
Menznau;6122
Willisau;6122
Menznau;6123
Hergiswil bei Willisau;6125
Menznau;6125
Willisau;6125
Willisau;6126
Hergiswil bei Willisau;6130
Menznau;6130
Willisau;6130
Hergiswil bei Willisau;6132
Willisau;6132
Hergiswil bei Willisau;6133
Menznau;6133
Willisau;6133
Gettnau;6142
Gettnau;6143
Schötz;6143
Ebersecken;6144
Zell (LU);6144
Willisau;6144
Fischbach;6145
Melchnau;6146
Grossdietwil;6146
Melchnau;6147
Altbüron;6147
Grossdietwil;6147
Pfaffnau;6147
Fischbach;6152
Zell (LU);6152
Luthern;6153
Ufhusen;6153
Zell (LU);6153
Luthern;6154
Willisau;6154
Hergiswil bei Willisau;6156
Luthern;6156
Willisau;6156
Entlebuch;6162
Hasle (LU);6162
Entlebuch;6163
Entlebuch;6166
Hasle (LU);6166
Romoos;6166
Romoos;6167
Flühli;6170
Romoos;6170
Schüpfheim;6170
Escholzmatt-Marbach;6170
Flühli;6173
Escholzmatt-Marbach;6173
Flühli;6174
Escholzmatt-Marbach;6182
Flühli;6192
Escholzmatt-Marbach;6192
Escholzmatt-Marbach;6196
Eggiwil;6197
Schangnau;6197
Eriz;6197
Flühli;6197
Escholzmatt-Marbach;6197
Neuenkirch;6203
Neuenkirch;6204
Sempach;6204
Eich;6205
Emmen;6206
Rothenburg;6206
Neuenkirch;6206
Ruswil;6206
Neuenkirch;6207
Nottwil;6207
Oberkirch;6207
Ruswil;6207
Oberkirch;6208
Mauensee;6210
Oberkirch;6210
Schenkon;6210
Sursee;6210
Dagmersellen;6211
Knutwil;6212
Mauensee;6212
Knutwil;6213
Triengen;6213
Eich;6214
Schenkon;6214
Beromünster;6215
Mauensee;6216
Oberkirch;6216
Ettiswil;6217
Ettiswil;6218
Beromünster;6221
Rickenbach (LU);6221
Beromünster;6222
Schenkon;6222
Schlierbach;6231
Geuensee;6232
Büron;6233
Triengen;6234
Triengen;6235
Dagmersellen;6235
Triengen;6236
Mauensee;6242
Egolzwil;6242
Wauwil;6242
Egolzwil;6243
Altishofen;6244
Ebersecken;6244
Egolzwil;6244
Nebikon;6244
Ebersecken;6245
Grossdietwil;6245
Altishofen;6246
Dagmersellen;6246
Ebersecken;6247
Schötz;6247
Alberswil;6248
Willisau;6248
Dagmersellen;6252
Reiden;6252
Dagmersellen;6253
Dagmersellen;6260
Reiden;6260
Wikon;6260
Reiden;6262
Altishofen;6263
Reiden;6263
Pfaffnau;6264
Brittnau;6264
Pfaffnau;6265
Roggliswil;6265
Ballwil;6274
Eschenbach (LU);6274
Hochdorf;6274
Ballwil;6275
Hochdorf;6275
Hohenrain;6275
Sins;6275
Hohenrain;6276
Hohenrain;6277
Auw;6277
Hochdorf;6280
Hohenrain;6280
Römerswil;6280
Hochdorf;6283
Hohenrain;6283
Römerswil;6283
Hitzkirch;6284
Hitzkirch;6285
Altwis;6286
Aesch (LU);6287
Schongau;6287
Hitzkirch;6288
Schongau;6288
Hitzkirch;6289
Ermensee;6294
Hitzkirch;6295
Baar;6300
Steinhausen;6300
Zug;6300
Baar;6312
Steinhausen;6312
Menzingen;6313
Neuheim;6313
Baar;6314
Menzingen;6314
Oberägeri;6314
Unterägeri;6314
Zug;6314
Menzingen;6315
Oberägeri;6315
Unterägeri;6315
Zug;6317
Arth;6318
Walchwil;6318
Zug;6318
Baar;6319
Cham;6330
Steinhausen;6330
Zug;6330
Cham;6331
Hünenberg;6331
Cham;6332
Hünenberg;6332
Hünenberg;6333
Hausen am Albis;6340
Baar;6340
Neuheim;6340
Risch;6343
Meierskappel;6344
Baar;6345
Neuheim;6345
Weggis;6353
Vitznau;6354
Weggis;6354
Gersau;6354
Vitznau;6356
Weggis;6356
Arth;6356
Ennetmoos;6362
Stansstad;6362
Ennetbürgen;6363
Stansstad;6363
Stansstad;6365
Oberdorf (NW);6370
Stans;6370
Ennetmoos;6372
Ennetbürgen;6373
Buochs;6374
Ennetbürgen;6374
Oberdorf (NW);6374
Beckenried;6375
Beckenried;6376
Emmetten;6376
Seelisberg;6377
Emmetten;6377
Oberdorf (NW);6382
Dallenwil;6383
Oberdorf (NW);6383
Wolfenschiessen;6383
Dallenwil;6386
Wolfenschiessen;6386
Wolfenschiessen;6387
Engelberg;6388
Wolfenschiessen;6388
Attinghausen;6390
Engelberg;6390
Wolfenschiessen;6390
Küssnacht (SZ);6402
Küssnacht (SZ);6403
Greppen;6404
Küssnacht (SZ);6405
Gersau;6410
Arth;6410
Arth;6414
Arth;6415
Arth;6416
Steinerberg;6416
Sattel;6417
Schwyz;6417
Oberägeri;6417
Rothenthurm;6418
Sattel;6418
Oberägeri;6418
Steinen;6422
Ingenbohl;6423
Schwyz;6423
Lauerz;6424
Alpthal;6430
Schwyz;6430
Alpthal;6432
Schwyz;6432
Morschach;6433
Muotathal;6433
Illgau;6434
Muotathal;6436
Schwyz;6438
Ingenbohl;6440
Morschach;6440
Seelisberg;6441
Gersau;6442
Morschach;6443
Sisikon;6452
Morschach;6452
Riemenstalden;6452
Flüelen;6454
Altdorf (UR);6460
Bürglen (UR);6460
Flüelen;6460
Isenthal;6461
Seedorf (UR);6462
Bürglen (UR);6463
Bürglen (UR);6464
Spiringen;6464
Unterschächen;6465
Bauen;6466
Schattdorf;6467
Attinghausen;6468
Bürglen (UR);6469
Schattdorf;6469
Erstfeld;6472
Gurtnellen;6473
Silenen;6473
Gurtnellen;6474
Silenen;6474
Silenen;6475
Gurtnellen;6476
Silenen;6476
Gurtnellen;6482
Wassen;6482
Wassen;6484
Wassen;6485
Göschenen;6487
Andermatt;6490
Realp;6491
Hospental;6493
Arbedo-Castione;6500
Bellinzona;6500
Giubiasco;6500
Bellinzona;6503
Giubiasco;6512
Monte Carasso;6513
Sementina;6514
Gudo;6515
Sant'Antonino;6515
Locarno;6516
Cugnasco-Gerra;6516
Arbedo-Castione;6517
Gorduno;6518
Preonzo;6523
Moleno;6524
Gnosca;6525
Lodrino;6526
Lodrino;6527
Camorino;6528
Sant'Antonino;6528
Gambarogno;6528
Arbedo-Castione;6532
Lumino;6532
Lumino;6533
San Vittore;6534
Roveredo (GR);6535
Castaneda;6537
Grono;6537
Verdabbio;6538
Castaneda;6540
Santa Maria in Calanca;6541
Buseno;6542
Calanca;6543
Calanca;6544
Calanca;6545
Rossa;6546
Calanca;6546
Rossa;6547
Rossa;6548
Roveredo (GR);6549
Leggia;6556
Cama;6557
Verdabbio;6557
Lostallo;6558
Soazza;6562
Mesocco;6563
Mesocco;6565
Gambarogno;6571
Locarno;6572
Gambarogno;6572
Gambarogno;6573
Gambarogno;6574
Gambarogno;6575
Gambarogno;6576
Gambarogno;6577
Gambarogno;6578
Gambarogno;6579
Bellinzona;6582
Pianezzo;6582
Sant'Antonio;6583
Sant'Antonio;6584
Giubiasco;6592
Sant'Antonino;6592
Cadenazzo;6593
Sant'Antonino;6593
Locarno;6594
Cugnasco-Gerra;6594
Gambarogno;6594
Lavertezzo;6595
Locarno;6595
Cugnasco-Gerra;6595
Gordola;6596
Locarno;6596
Cugnasco-Gerra;6597
Minusio;6598
Tenero-Contra;6598
Cadenazzo;6599
Locarno;6600
Minusio;6600
Muralto;6600
Orselina;6600
Locarno;6605
Orselina;6605
Gresso;6611
Mosogno;6611
Onsernone;6611
Ascona;6612
Locarno;6612
Ronco sopra Ascona;6613
Brissago;6614
Losone;6616
Losone;6618
Ronco sopra Ascona;6618
Ronco sopra Ascona;6622
Corippo;6631
Vogorno;6632
Lavertezzo;6633
Brione (Verzasca);6634
Cugnasco-Gerra;6635
Frasco;6636
Sonogno;6637
Minusio;6644
Orselina;6644
Brione sopra Minusio;6645
Minusio;6645
Brione sopra Minusio;6646
Minusio;6646
Tenero-Contra;6646
Mergoscia;6647
Minusio;6648
Locarno;6652
Terre di Pedemonte;6652
Terre di Pedemonte;6653
Terre di Pedemonte;6654
Centovalli;6655
Centovalli;6656
Centovalli;6657
Centovalli;6658
Centovalli;6659
Isorno;6661
Onsernone;6662
Onsernone;6663
Vergeletto;6664
Avegno Gordevio;6670
Avegno Gordevio;6672
Maggia;6673
Maggia;6674
Cevio;6675
Cevio;6676
Maggia;6677
Maggia;6678
Linescio;6682
Campo (Vallemaggia);6683
Cerentino;6683
Campo (Vallemaggia);6684
Bosco/Gurin;6685
Cevio;6690
Lavizzara;6692
Lavizzara;6693
Lavizzara;6694
Lavizzara;6695
Lavizzara;6696
Claro;6702
Osogna;6703
Cresciano;6705
Iragna;6707
Biasca;6710
Serravalle;6713
Serravalle;6714
Acquarossa;6715
Acquarossa;6716
Blenio;6717
Blenio;6718
Blenio;6719
Blenio;6720
Acquarossa;6721
Serravalle;6721
Acquarossa;6722
Acquarossa;6723
Acquarossa;6724
Pollegio;6742
Bodio;6743
Personico;6744
Giornico;6745
Faido;6746
Faido;6747
Faido;6748
Faido;6749
Sobrio;6749
Faido;6760
Faido;6763
Faido;6764
Prato (Leventina);6772
Prato (Leventina);6773
Dalpe;6774
Quinto;6775
Quinto;6776
Quinto;6777
Airolo;6780
Bedretto;6781
Monteceneri;6802
Monteceneri;6803
Monteceneri;6804
Mezzovico-Vira;6805
Monteceneri;6806
Torricella-Taverne;6807
Torricella-Taverne;6808
Monteceneri;6809
Isone;6810
Cadempino;6814
Lamone;6814
Melide;6815
Bissone;6816
Maroggia;6817
Melano;6818
Rovio;6821
Arogno;6822
Arogno;6823
Lugano;6823
Castel San Pietro;6825
Mendrisio;6825
Riva San Vitale;6826
Brusino Arsizio;6827
Balerna;6828
Coldrerio;6828
Chiasso;6830
Chiasso;6832
Morbio Inferiore;6833
Vacallo;6833
Morbio Inferiore;6834
Morbio Inferiore;6835
Breggia;6835
Breggia;6837
Breggia;6838
Breggia;6839
Castel San Pietro;6850
Mendrisio;6850
Mendrisio;6852
Novazzano;6852
Mendrisio;6853
Stabio;6853
Stabio;6854
Stabio;6855
Mendrisio;6862
Mendrisio;6863
Mendrisio;6864
Mendrisio;6865
Mendrisio;6866
Brusino Arsizio;6867
Castel San Pietro;6872
Mendrisio;6872
Castel San Pietro;6873
Castel San Pietro;6874
Castel San Pietro;6875
Castel San Pietro;6877
Coldrerio;6877
Novazzano;6883
Lugano;6900
Massagno;6900
Paradiso;6900
Lugano;6912
Lugano;6913
Lugano;6914
Lugano;6915
Collina d'Oro;6915
Grancia;6916
Lugano;6916
Lugano;6917
Lugano;6918
Morcote;6918
Collina d'Oro;6919
Vico Morcote;6921
Morcote;6922
Lugano;6924
Sorengo;6924
Lugano;6925
Collina d'Oro;6925
Collina d'Oro;6926
Collina d'Oro;6927
Bioggio;6928
Manno;6928
Gravesano;6929
Bedano;6930
Lugano;6932
Muzzano;6932
Bioggio;6933
Lugano;6933
Muzzano;6933
Agno;6934
Bioggio;6934
Cademario;6934
Manno;6934
Bioggio;6935
Cademario;6936
Alto Malcantone;6937
Alto Malcantone;6938
Alto Malcantone;6939
Porza;6942
Savosa;6942
Vezia;6943
Comano;6944
Cureglia;6944
Origlio;6945
Ponte Capriasca;6945
Ponte Capriasca;6946
Capriasca;6947
Porza;6948
Savosa;6948
Comano;6949
Capriasca;6950
Lugano;6951
Capriasca;6951
Canobbio;6952
Comano;6952
Porza;6952
Capriasca;6953
Capriasca;6954
Capriasca;6955
Capriasca;6956
Capriasca;6957
Capriasca;6958
Lugano;6959
Capriasca;6960
Lugano;6962
Cureglia;6963
Lugano;6963
Lugano;6964
Lugano;6965
Lugano;6966
Lugano;6967
Lugano;6968
Lugano;6974
Lugano;6976
Lugano;6977
Lugano;6978
Lugano;6979
Croglio;6980
Bedigliora;6981
Croglio;6981
Curio;6981
Agno;6982
Bioggio;6982
Magliaso;6983
Neggio;6983
Pura;6984
Curio;6986
Miglieglia;6986
Novaggio;6986
Caslano;6987
Ponte Tresa;6988
Croglio;6989
Agno;6990
Vernate;6990
Neggio;6991
Bioggio;6992
Cademario;6992
Vernate;6992
Bioggio;6993
Vernate;6993
Aranno;6994
Croglio;6995
Monteggio;6995
Monteggio;6996
Monteggio;6997
Sessa;6997
Monteggio;6998
Astano;6999
Chur;7000
Churwalden;7000
Trimmis;7000
Domat/Ems;7012
Felsberg;7012
Domat/Ems;7013
Trin;7014
Domat/Ems;7015
Tamins;7015
Trin;7016
Flims;7017
Flims;7018
Flims;7019
Haldenstein;7023
Maladers;7026
Arosa;7027
Arosa;7028
Arosa;7029
Laax;7031
Laax;7032
Arosa;7050
Arosa;7056
Arosa;7057
Arosa;7058
Chur;7062
Churwalden;7062
Tschiertschen-Praden;7063
Tschiertschen-Praden;7064
Churwalden;7074
Churwalden;7075
Vaz/Obervaz;7076
Churwalden;7076
Vaz/Obervaz;7077
Vaz/Obervaz;7078
Vaz/Obervaz;7082
Lantsch/Lenz;7083
Albula/Alvra;7084
Safiental;7104
Flims;7104
Safiental;7106
Safiental;7107
Safiental;7109
Lumnezia;7110
Ilanz/Glion;7111
Ilanz/Glion;7112
Lumnezia;7113
Lumnezia;7114
Lumnezia;7115
Vals;7116
Lumnezia;7116
Safiental;7122
Ilanz/Glion;7126
Ilanz/Glion;7127
Ilanz/Glion;7128
Ilanz/Glion;7130
Vals;7132
Breil/Brigels;7134
Obersaxen Mundaun;7134
Obersaxen Mundaun;7137
Obersaxen Mundaun;7138
Ilanz/Glion;7141
Lumnezia;7142
Lumnezia;7143
Lumnezia;7144
Ilanz/Glion;7144
Lumnezia;7145
Lumnezia;7146
Lumnezia;7147
Lumnezia;7148
Lumnezia;7149
Schluein;7151
Sagogn;7152
Falera;7153
Ilanz/Glion;7154
Ilanz/Glion;7155
Ilanz/Glion;7156
Ilanz/Glion;7157
Waltensburg/Vuorz;7158
Andiast;7159
Breil/Brigels;7162
Breil/Brigels;7163
Breil/Brigels;7164
Breil/Brigels;7165
Trun;7166
Trun;7167
Trun;7168
Sumvitg;7172
Trun;7172
Sumvitg;7173
Sumvitg;7174
Sumvitg;7175
Sumvitg;7176
Disentis/Mustér;7180
Disentis/Mustér;7182
Disentis/Mustér;7183
Medel (Lucmagn);7184
Medel (Lucmagn);7185
Disentis/Mustér;7186
Tujetsch;7187
Tujetsch;7188
Tujetsch;7189
Zizers;7201
Trimmis;7202
Trimmis;7203
Untervaz;7204
Landquart;7204
Zizers;7205
Landquart;7206
Malans;7208
Seewis im Prättigau;7212
Grüsch;7213
Grüsch;7214
Schiers;7214
Grüsch;7215
Seewis im Prättigau;7215
Schiers;7220
Luzein;7222
Schiers;7222
Luzein;7223
Luzein;7224
Luzein;7226
Schiers;7226
Schiers;7228
Jenaz;7231
Furna;7232
Jenaz;7232
Jenaz;7233
Fideris;7235
Küblis;7240
Luzein;7240
Conters im Prättigau;7241
Luzein;7242
Luzein;7243
Luzein;7244
Luzein;7245
Luzein;7246
Klosters-Serneus;7247
Küblis;7247
Klosters-Serneus;7249
Conters im Prättigau;7249
Klosters-Serneus;7250
Klosters-Serneus;7252
Davos;7260
Davos;7265
Klosters-Serneus;7265
Davos;7270
Davos;7272
Davos;7276
Davos;7277
Davos;7278
Maienfeld;7302
Landquart;7302
Landquart;7303
Fläsch;7304
Maienfeld;7304
Fläsch;7306
Jenins;7307
Bad Ragaz;7310
Pfäfers;7312
Pfäfers;7313
Landquart;7313
Pfäfers;7314
Pfäfers;7315
Tamins;7315
Bad Ragaz;7317
Pfäfers;7317
Sargans;7320
Vilters-Wangs;7323
Vilters-Wangs;7324
Mels;7325
Mels;7326
Safiental;7402
Bonaduz;7402
Rhäzüns;7403
Domleschg;7404
Rothenbrunnen;7405
Cazis;7405
Domleschg;7407
Cazis;7408
Sils im Domleschg;7411
Scharans;7412
Fürstenau;7413
Scharans;7413
Fürstenau;7414
Cazis;7415
Domleschg;7415
Domleschg;7416
Domleschg;7417
Domleschg;7418
Domleschg;7419
Cazis;7421
Masein;7421
Cazis;7422
Cazis;7423
Cazis;7424
Masein;7425
Flerden;7426
Urmein;7427
Tschappina;7428
Thusis;7430
Rongellen;7430
Mutten;7431
Zillis-Reischen;7432
Casti-Wergenstein;7433
Donat;7433
Lohn (GR);7433
Mathon;7433
Sufers;7434
Splügen;7435
Splügen;7436
Nufenen;7437
Hinterrhein;7438
Andeer;7440
Andeer;7442
Andeer;7443
Ferrera;7444
Ferrera;7445
Avers;7446
Avers;7447
Avers;7448
Vaz/Obervaz;7450
Albula/Alvra;7450
Albula/Alvra;7451
Surses;7452
Surses;7453
Surses;7454
Surses;7455
Surses;7456
Surses;7457
Albula/Alvra;7458
Albula/Alvra;7459
Surses;7460
Surses;7462
Surses;7463
Surses;7464
Albula/Alvra;7472
Albula/Alvra;7473
Filisur;7477
Bergün/Bravuogn;7482
Bergün/Bravuogn;7484
Albula/Alvra;7492
Schmitten (GR);7493
Filisur;7494
Davos;7494
Celerina/Schlarigna;7500
St. Moritz;7500
Bever;7502
Samedan;7503
Celerina/Schlarigna;7504
Pontresina;7504
Samedan;7504
Celerina/Schlarigna;7505
St. Moritz;7512
Silvaplana;7512
Silvaplana;7513
Sils im Engadin/Segl;7514
Sils im Engadin/Segl;7515
Bregaglia;7516
Sils im Engadin/Segl;7517
La Punt-Chamues-ch;7522
Madulain;7523
Zuoz;7524
S-chanf;7525
S-chanf;7526
Zernez;7527
Zernez;7530
Val Müstair;7532
Val Müstair;7533
Val Müstair;7534
Val Müstair;7535
Val Müstair;7536
Val Müstair;7537
Zernez;7542
Zernez;7543
Scuol;7545
Scuol;7546
Scuol;7550
Scuol;7551
Scuol;7552
Scuol;7553
Scuol;7554
Valsot;7556
Valsot;7557
Valsot;7558
Valsot;7559
Valsot;7560
Samnaun;7562
Samnaun;7563
Bregaglia;7602
Bregaglia;7603
Bregaglia;7604
Bregaglia;7605
Bregaglia;7606
Bregaglia;7608
Bregaglia;7610
Poschiavo;7710
Poschiavo;7741
Poschiavo;7742
Brusio;7743
Poschiavo;7743
Brusio;7744
Poschiavo;7745
Poschiavo;7746
Brusio;7747
Brusio;7748
Zürich;8001
Zürich;8002
Zürich;8003
Zürich;8004
Zürich;8005
Zürich;8006
Zürich;8008
Zürich;8032
Zürich;8037
Zürich;8038
Zürich;8041
Dübendorf;8044
Zürich;8044
Zürich;8045
Zürich;8046
Zürich;8047
Zürich;8048
Zürich;8049
Zürich;8050
Dübendorf;8051
Zürich;8051
Opfikon;8052
Rümlang;8052
Zürich;8052
Zürich;8053
Zürich;8055
Zürich;8057
Zürich;8064
Oberengstringen;8102
Unterengstringen;8103
Weiningen (ZH);8104
Regensdorf;8105
Regensdorf;8106
Buchs (ZH);8107
Otelfingen;8107
Dällikon;8108
Würenlos;8109
Otelfingen;8112
Boppelsen;8113
Dänikon;8114
Hüttikon;8115
Fällanden;8117
Fällanden;8118
Fällanden;8121
Maur;8122
Maur;8123
Maur;8124
Zollikon;8125
Zürich;8125
Zumikon;8126
Küsnacht (ZH);8127
Egg;8127
Maur;8127
Egg;8132
Maur;8132
Egg;8133
Adliswil;8134
Zürich;8134
Horgen;8135
Langnau am Albis;8135
Thalwil;8136
Birmensdorf (ZH);8142
Uitikon;8142
Zürich;8142
Stallikon;8143
Uitikon;8143
Zürich;8143
Kloten;8152
Opfikon;8152
Rümlang;8152
Zürich;8152
Rümlang;8153
Oberglatt;8154
Niederhasli;8155
Steinmaur;8155
Niederhasli;8156
Dielsdorf;8157
Regensberg;8158
Neerach;8162
Steinmaur;8162
Bachs;8164
Neerach;8164
Oberweningen;8165
Schleinikon;8165
Schöfflisdorf;8165
Niederweningen;8166
Niederglatt;8172
Neerach;8173
Neerach;8174
Stadel;8174
Stadel;8175
Bülach;8180
Glattfelden;8180
Winkel;8180
Höri;8181
Hochfelden;8182
Bachenbülach;8184
Winkel;8185
Weiach;8187
Glattfelden;8192
Hochfelden;8192
Eglisau;8193
Glattfelden;8193
Hüntwangen;8194
Wasterkingen;8195
Wasterkingen;8196
Wil (ZH);8196
Eglisau;8197
Rafz;8197
Neuhausen am Rheinfall;8200
Schaffhausen;8200
Schaffhausen;8203
Schaffhausen;8207
Schaffhausen;8208
Laufen-Uhwiesen;8212
Neuhausen am Rheinfall;8212
Schaffhausen;8212
Neunkirch;8213
Gächlingen;8214
Hallau;8215
Oberhallau;8216
Neunkirch;8217
Trasadingen;8217
Wilchingen;8217
Wilchingen;8218
Trasadingen;8219
Beringen;8222
Schaffhausen;8222
Neunkirch;8223
Beringen;8223
Löhningen;8224
Neunkirch;8224
Gächlingen;8225
Siblingen;8225
Gächlingen;8226
Beggingen;8226
Schleitheim;8226
Beggingen;8228
Schaffhausen;8231
Merishausen;8232
Bargen (SH);8233
Stetten (SH);8234
Lohn (SH);8235
Büttenhardt;8236
Thayngen;8236
Dörflingen;8239
Thayngen;8240
Thayngen;8241
Thayngen;8242
Thayngen;8243
Feuerthalen;8245
Feuerthalen;8246
Flurlingen;8247
Laufen-Uhwiesen;8248
Diessenhofen;8252
Schlatt (TG);8252
Diessenhofen;8253
Basadingen-Schlattingen;8254
Basadingen-Schlattingen;8255
Wagenhausen;8259
Stein am Rhein;8260
Hemishofen;8261
Ramsen;8262
Buch (SH);8263
Eschenz;8264
Mammern;8264
Mammern;8265
Steckborn;8266
Berlingen;8267
Salenstein;8268
Salenstein;8269
Ermatingen;8272
Ermatingen;8273
Gottlieben;8274
Tägerwilen;8274
Bottighofen;8280
Kreuzlingen;8280
Tägerwilen;8280
Kloten;8302
Bassersdorf;8303
Wallisellen;8304
Dübendorf;8304
Dietlikon;8305
Wangen-Brüttisellen;8306
Volketswil;8307
Illnau-Effretikon;8307
Fehraltorf;8308
Weisslingen;8308
Illnau-Effretikon;8308
Kloten;8309
Nürensdorf;8309
Lindau;8310
Winterthur;8310
Brütten;8311
Lindau;8312
Illnau-Effretikon;8314
Lindau;8315
Lindau;8317
Fehraltorf;8320
Russikon;8322
Wildberg;8322
Pfäffikon;8330
Pfäffikon;8331
Russikon;8332
Hittnau;8335
Bäretswil;8340
Dürnten;8340
Hinwil;8340
Wetzikon (ZH);8340
Hinwil;8342
Bäretswil;8344
Bäretswil;8345
Wetzikon (ZH);8345
Elsau;8352
Winterthur;8352
Elgg;8353
Elgg;8354
Hofstetten (ZH);8354
Schlatt (ZH);8354
Elgg;8355
Aadorf;8355
Aadorf;8356
Aadorf;8357
Eschlikon;8360
Münchwilen (TG);8360
Bichelsee-Balterswil;8362
Turbenthal;8363
Bichelsee-Balterswil;8363
Eschlikon;8370
Sirnach;8370
Sirnach;8371
Fischingen;8372
Sirnach;8372
Fischingen;8374
Kirchberg (SG);8376
Mosnang;8376
Fischingen;8376
Winterthur;8400
Winterthur;8404
Schlatt (ZH);8405
Winterthur;8405
Winterthur;8406
Winterthur;8408
Winterthur;8409
Neftenbach;8412
Neftenbach;8413
Buch am Irchel;8414
Berg am Irchel;8415
Flaach;8416
Schlatt (ZH);8418
Dättlikon;8421
Pfungen;8422
Embrach;8424
Oberembrach;8425
Lufingen;8426
Freienstein-Teufen;8427
Rorbas;8427
Freienstein-Teufen;8428
Rorbas;8428
Hettlingen;8442
Henggart;8444
Dachsen;8447
Laufen-Uhwiesen;8447
Andelfingen;8450
Kleinandelfingen;8451
Adlikon;8452
Kleinandelfingen;8453
Buchberg;8454
Rüdlingen;8455
Humlikon;8457
Dorf;8458
Volken;8459
Marthalen;8460
Kleinandelfingen;8461
Rheinau;8462
Benken (ZH);8463
Marthalen;8464
Trüllikon;8465
Ossingen;8466
Trüllikon;8466
Truttikon;8467
Oberstammheim;8468
Waltalingen;8468
Dägerlen;8471
Seuzach;8472
Dinhard;8474
Ossingen;8475
Unterstammheim;8476
Basadingen-Schlattingen;8476
Oberstammheim;8477
Thalheim an der Thur;8478
Altikon;8479
Winterthur;8482
Illnau-Effretikon;8482
Zell (ZH);8483
Illnau-Effretikon;8483
Weisslingen;8484
Weisslingen;8486
Zell (ZH);8486
Zell (ZH);8487
Wildberg;8488
Turbenthal;8488
Wildberg;8489
Wila;8492
Wildberg;8492
Turbenthal;8492
Wila;8493
Bauma;8493
Fischenthal;8494
Bauma;8494
Turbenthal;8495
Fischingen;8495
Fischenthal;8496
Mosnang;8496
Fischenthal;8497
Bäretswil;8498
Fischenthal;8498
Hinwil;8498
Bauma;8499
Fischingen;8499
Hagenbuch;8500
Felben-Wellhausen;8500
Frauenfeld;8500
Gachnang;8500
Matzingen;8500
Thundorf;8500
Pfyn;8505
Herdern;8506
Homburg;8507
Mammern;8507
Homburg;8508
Pfyn;8508
Thundorf;8512
Affeltrangen;8514
Amlikon-Bissegg;8514
Aadorf;8522
Elgg;8523
Hagenbuch;8523
Uesslingen-Buch;8524
Oberstammheim;8525
Neunforn;8525
Neunforn;8526
Warth-Weiningen;8532
Herdern;8532
Herdern;8535
Hüttwilen;8535
Warth-Weiningen;8536
Herdern;8536
Hüttwilen;8536
Hüttwilen;8537
Winterthur;8542
Wiesendangen;8542
Wiesendangen;8543
Wiesendangen;8544
Rickenbach (ZH);8545
Winterthur;8545
Wiesendangen;8546
Gachnang;8546
Gachnang;8547
Ellikon an der Thur;8548
Felben-Wellhausen;8552
Frauenfeld;8552
Hüttlingen;8553
Amlikon-Bissegg;8554
Wigoltingen;8554
Müllheim;8555
Wigoltingen;8556
Wäldi;8558
Raperswilen;8558
Märstetten;8560
Wigoltingen;8560
Märstetten;8561
Wäldi;8564
Wigoltingen;8564
Kemmental;8565
Kemmental;8566
Berg (TG);8570
Weinfelden;8570
Berg (TG);8572
Kemmental;8573
Lengwil;8574
Bürglen (TG);8575
Bussnang;8575
Weinfelden;8575
Berg (TG);8576
Kradolf-Schönenberg;8577
Schönholzerswilen;8577
Muolen;8580
Hefenhofen;8580
Salmsach;8580
Sommeri;8580
Amriswil;8580
Amriswil;8581
Dozwil;8582
Hefenhofen;8582
Sulgen;8583
Berg (TG);8584
Bürglen (TG);8584
Langrickenbach;8585
Birwinken;8585
Erlen;8586
Langrickenbach;8586
Birwinken;8586
Amriswil;8587
Zihlschlacht-Sitterdorf;8588
Zihlschlacht-Sitterdorf;8589
Romanshorn;8590
Uttwil;8590
Uttwil;8592
Kesswil;8593
Güttingen;8594
Altnau;8595
Münsterlingen;8596
Münsterlingen;8597
Bottighofen;8598
Kreuzlingen;8598
Salmsach;8599
Dietlikon;8600
Dübendorf;8600
Schwerzenbach;8600
Wangen-Brüttisellen;8602
Dübendorf;8603
Schwerzenbach;8603
Volketswil;8604
Volketswil;8605
Greifensee;8606
Uster;8606
Seegräben;8607
Mönchaltorf;8607
Bubikon;8608
Dürnten;8608
Uster;8610
Gossau (ZH);8614
Uster;8614
Uster;8615
Uster;8616
Gossau (ZH);8617
Mönchaltorf;8617
Uster;8617
Oetwil am See;8618
Wetzikon (ZH);8620
Wetzikon (ZH);8623
Pfäffikon;8623
Gossau (ZH);8624
Wetzikon (ZH);8624
Gossau (ZH);8625
Gossau (ZH);8626
Gossau (ZH);8627
Grüningen;8627
Hombrechtikon;8627
Rüti (ZH);8630
Rapperswil-Jona;8630
Dürnten;8632
Bubikon;8633
Rapperswil-Jona;8633
Hombrechtikon;8634
Dürnten;8635
Dürnten;8636
Wald (ZH);8636
Eschenbach (SG);8636
Wald (ZH);8637
Eschenbach (SG);8637
Eschenbach (SG);8638
Freienbach;8640
Rapperswil-Jona;8640
Rapperswil-Jona;8645
Rapperswil-Jona;8646
Küsnacht (ZH);8700
Zollikon;8702
Erlenbach (ZH);8703
Herrliberg;8703
Küsnacht (ZH);8703
Herrliberg;8704
Meilen;8706
Uetikon am See;8707
Männedorf;8708
Stäfa;8712
Stäfa;8713
Hombrechtikon;8714
Rapperswil-Jona;8714
Rapperswil-Jona;8715
Schmerikon;8716
Schübelbach;8717
Benken (SG);8717
Schänis;8718
Kaltbrunn;8722
Schänis;8722
Kaltbrunn;8723
Schänis;8723
Gommiswald;8725
Eschenbach (SG);8725
Gommiswald;8726
Wattwil;8726
Eschenbach (SG);8727
Tuggen;8730
Schmerikon;8730
Uznach;8730
Gommiswald;8730
Eschenbach (SG);8732
Eschenbach (SG);8733
Rapperswil-Jona;8734
Eschenbach (SG);8734
Eschenbach (SG);8735
Kaltbrunn;8737
Gommiswald;8737
Kaltbrunn;8738
Gommiswald;8738
Kaltbrunn;8739
Gommiswald;8739
Muotathal;8750
Glarus;8750
Spiringen;8751
Glarus Nord;8752
Glarus Nord;8753
Glarus Nord;8754
Glarus;8754
Glarus Süd;8755
Glarus;8755
Glarus Süd;8756
Glarus Nord;8757
Glarus Nord;8758
Glarus Süd;8762
Glarus Süd;8765
Glarus Süd;8766
Glarus Süd;8767
Glarus Süd;8772
Glarus Süd;8773
Glarus Süd;8774
Glarus Süd;8775
Glarus Süd;8777
Glarus Süd;8782
Glarus Süd;8783
Glarus Süd;8784
Thalwil;8800
Kilchberg (ZH);8802
Rüschlikon;8803
Wädenswil;8804
Richterswil;8805
Freienbach;8806
Wollerau;8806
Freienbach;8807
Freienbach;8808
Horgen;8810
Horgen;8815
Hirzel;8816
Horgen;8816
Wädenswil;8820
Schönenberg (ZH);8824
Hütten;8825
Wollerau;8825
Feusisberg;8832
Freienbach;8832
Wollerau;8832
Richterswil;8833
Wollerau;8833
Feusisberg;8834
Wollerau;8834
Feusisberg;8835
Einsiedeln;8836
Feusisberg;8836
Oberägeri;8836
Einsiedeln;8840
Einsiedeln;8841
Oberiberg;8842
Schwyz;8842
Unteriberg;8842
Oberiberg;8843
Schwyz;8843
Einsiedeln;8844
Unteriberg;8844
Unteriberg;8845
Einsiedeln;8846
Altendorf;8846
Einsiedeln;8847
Feusisberg;8847
Alpthal;8849
Schwyz;8849
Altendorf;8852
Galgenen;8853
Lachen;8853
Wangen (SZ);8853
Galgenen;8854
Schübelbach;8854
Wangen (SZ);8854
Schübelbach;8855
Tuggen;8855
Wangen (SZ);8855
Tuggen;8856
Vorderthal;8857
Innerthal;8858
Schübelbach;8862
Schübelbach;8863
Reichenburg;8864
Glarus Nord;8865
Glarus Nord;8866
Schänis;8866
Glarus Nord;8867
Glarus Nord;8868
Glarus Nord;8872
Amden;8872
Weesen;8872
Amden;8873
Glarus Nord;8874
Quarten;8877
Quarten;8878
Walenstadt;8880
Walenstadt;8881
Quarten;8882
Quarten;8883
Quarten;8884
Quarten;8885
Mels;8886
Mels;8887
Flums;8888
Mels;8888
Sargans;8888
Mels;8889
Flums;8890
Walenstadt;8890
Flums;8892
Walenstadt;8892
Flums;8893
Walenstadt;8893
Flums;8894
Flums;8895
Flums;8896
Quarten;8896
Walenstadt;8896
Flums;8897
Flums;8898
Quarten;8898
Schlieren;8902
Urdorf;8902
Birmensdorf (ZH);8903
Aesch (ZH);8904
Arni (AG);8905
Islisberg;8905
Bonstetten;8906
Wettswil am Albis;8907
Hedingen;8908
Affoltern am Albis;8909
Affoltern am Albis;8910
Rifferswil;8911
Obfelden;8912
Ottenbach;8913
Aeugst am Albis;8914
Hausen am Albis;8915
Jonen;8916
Oberlunkhofen;8917
Unterlunkhofen;8918
Rottenschwil;8919
Hausen am Albis;8925
Kappel am Albis;8926
Mettmenstetten;8932
Maschwanden;8933
Knonau;8934
Oberrieden;8942
Geroldswil;8951
Unterengstringen;8951
Weiningen (ZH);8951
Dietikon;8952
Schlieren;8952
Unterengstringen;8952
Zürich;8952
Dietikon;8953
Spreitenbach;8953
Geroldswil;8954
Oetwil an der Limmat;8955
Killwangen;8956
Spreitenbach;8957
Bergdietikon;8962
Berikon;8964
Rudolfstetten-Friedlisb.;8964
Berikon;8965
Oberwil-Lieli;8966
Bellikon;8967
Bergdietikon;8967
Widen;8967
St. Gallen;9000
St. Gallen;9008
Wittenbach;9008
St. Gallen;9010
St. Gallen;9011
Teufen (AR);9012
St. Gallen;9012
Stein (AR);9014
St. Gallen;9014
St. Gallen;9015
Gossau (SG);9015
St. Gallen;9016
St. Gallen;9030
Gaiserwald;9030
Gaiserwald;9032
Waldkirch;9032
Untereggen;9033
Rehetobel;9034
Eggersriet;9034
Grub (AR);9035
Eggersriet;9035
Heiden;9036
Eggersriet;9036
Speicher;9037
Rehetobel;9037
St. Gallen;9037
Eggersriet;9037
Grub (AR);9038
Heiden;9038
Rehetobel;9038
Speicher;9042
Teufen (AR);9042
St. Gallen;9042
Bühler;9043
Gais;9043
Trogen;9043
Wald (AR);9043
Wald (AR);9044
Appenzell;9050
Gonten;9050
Rüte;9050
Schlatt-Haslen;9050
Schwende;9050
Teufen (AR);9052
Schlatt-Haslen;9052
Teufen (AR);9053
Schlatt-Haslen;9053
Schlatt-Haslen;9054
Bühler;9055
Gais;9055
Teufen (AR);9055
Schlatt-Haslen;9055
Gais;9056
Appenzell;9056
Schlatt-Haslen;9056
Rüte;9057
Schwende;9057
Rüte;9058
Schwende;9058
Altstätten;9058
Teufen (AR);9062
Hundwil;9063
Stein (AR);9063
Hundwil;9064
Herisau;9100
Schwellbrunn;9100
Waldstatt;9100
Gossau (SG);9100
Schwellbrunn;9103
Urnäsch;9103
Waldstatt;9103
Neckertal;9103
Schwellbrunn;9104
Urnäsch;9104
Waldstatt;9104
Schönengrund;9105
Schwellbrunn;9105
Neckertal;9105
Hundwil;9107
Schönengrund;9107
Urnäsch;9107
Schwende;9107
Wildhaus-Alt St. Johann;9107
Nesslau;9107
Hemberg;9107
Gonten;9108
Schwende;9108
Herisau;9112
Schwellbrunn;9113
Neckertal;9113
Degersheim;9113
Flawil;9113
Neckertal;9114
Neckertal;9115
Neckertal;9116
Degersheim;9116
Oberhelfenschwil;9122
Neckertal;9122
Neckertal;9123
Lütisburg;9123
Oberhelfenschwil;9125
Neckertal;9125
Oberhelfenschwil;9126
Neckertal;9126
Hemberg;9127
Neckertal;9127
Flawil;9200
Niederbüren;9200
Gossau (SG);9200
Niederbüren;9203
Oberbüren;9203
Andwil (SG);9204
Gossau (SG);9204
Waldkirch;9204
Waldkirch;9205
Andwil (SG);9212
Gossau (SG);9212
Waldkirch;9213
Hauptwil-Gottshaus;9213
Kradolf-Schönenberg;9214
Sulgen;9214
Kradolf-Schönenberg;9215
Erlen;9216
Hohentannen;9216
Kradolf-Schönenberg;9217
Muolen;9220
Bischofszell;9220
Hauptwil-Gottshaus;9220
Zihlschlacht-Sitterdorf;9220
Niederhelfenschwil;9223
Bischofszell;9223
Hauptwil-Gottshaus;9225
Degersheim;9230
Flawil;9230
Oberuzwil;9230
Oberbüren;9230
Flawil;9231
Oberuzwil;9240
Uzwil;9240
Oberbüren;9240
Jonschwil;9242
Oberuzwil;9242
Uzwil;9242
Lütisburg;9243
Jonschwil;9243
Oberuzwil;9244
Uzwil;9244
Niederhelfenschwil;9245
Oberbüren;9245
Niederbüren;9246
Waldkirch;9246
Uzwil;9247
Oberuzwil;9248
Uzwil;9249
St. Gallen;9300
Wittenbach;9300
Berg (SG);9300
Waldkirch;9300
Waldkirch;9304
Berg (SG);9305
Steinach;9305
Berg (SG);9306
Roggwil (TG);9306
Häggenschwil;9308
Muolen;9308
Wittenbach;9308
Roggwil (TG);9308
Häggenschwil;9312
Muolen;9313
Zihlschlacht-Sitterdorf;9313
Egnach;9314
Häggenschwil;9315
Egnach;9315
Roggwil (TG);9315
Arbon;9320
Roggwil (TG);9320
Egnach;9322
Salmsach;9322
Steinach;9323
Roggwil (TG);9325
Tübach;9326
Horn;9326
Mörschwil;9327
Tübach;9327
Goldach;9400
Rorschach;9400
Goldach;9402
Mörschwil;9402
Untereggen;9402
Goldach;9403
Rorschacherberg;9404
Untereggen;9404
Thal;9404
Heiden;9405
Lutzenberg;9405
Eggersriet;9405
Rorschacherberg;9405
Heiden;9410
Wolfhalden;9410
Reute (AR);9411
Berneck;9411
Heiden;9413
Oberegg;9413
Reute (AR);9414
Rorschacherberg;9422
Thal;9422
Thal;9423
Rheineck;9424
St. Margrethen;9424
Wolfhalden;9425
Rheineck;9425
Thal;9425
Lutzenberg;9426
Rheineck;9426
Heiden;9427
Lutzenberg;9427
Walzenhausen;9427
Wolfhalden;9427
Oberegg;9427
Thal;9427
Walzenhausen;9428
Wolfhalden;9428
Oberegg;9428
St. Margrethen;9428
St. Margrethen;9430
Au (SG);9434
Berneck;9434
Au (SG);9435
Balgach;9435
Berneck;9435
Widnau;9435
Balgach;9436
Diepoldsau;9436
Oberriet (SG);9436
Reute (AR);9437
Marbach (SG);9437
Rebstein;9437
Oberegg;9442
Berneck;9442
Diepoldsau;9443
Widnau;9443
Diepoldsau;9444
Balgach;9445
Rebstein;9445
Gais;9450
Oberegg;9450
Altstätten;9450
Oberriet (SG);9451
Altstätten;9452
Eichberg;9452
Altstätten;9453
Eichberg;9453
Oberriet (SG);9462
Altstätten;9463
Oberriet (SG);9463
Rüthi (SG);9463
Altstätten;9464
Rüthi (SG);9464
Sennwald;9465
Sennwald;9466
Sennwald;9467
Sennwald;9468
Gams;9469
Grabs;9469
Sennwald;9469
Buchs (SG);9470
Grabs;9470
Sevelen;9470
Grabs;9472
Gams;9473
Sennwald;9473
Sevelen;9475
Sevelen;9476
Wartau;9476
Wartau;9477
Wartau;9478
Wartau;9479
Kirchberg (SG);9500
Zuzwil (SG);9500
Wil (SG);9500
Braunau;9502
Bussnang;9503
Bussnang;9504
Lommis;9506
Stettfurt;9507
Lommis;9508
Wil (SG);9512
Wil (SG);9514
Wuppenau;9514
Zuzwil (SG);9515
Wuppenau;9515
Bussnang;9517
Zuzwil (SG);9523
Niederhelfenschwil;9524
Zuzwil (SG);9524
Wil (SG);9524
Niederhelfenschwil;9525
Niederhelfenschwil;9526
Niederhelfenschwil;9527
Kirchberg (SG);9532
Jonschwil;9532
Rickenbach (TG);9532
Kirchberg (SG);9533
Kirchberg (SG);9534
Rickenbach (TG);9535
Wilen (TG);9535
Jonschwil;9536
Wil (SG);9536
Rickenbach (TG);9536
Münchwilen (TG);9542
Wil (SG);9543
Münchwilen (TG);9543
Wängi;9545
Wängi;9546
Aadorf;9547
Frauenfeld;9548
Matzingen;9548
Stettfurt;9548
Wil (SG);9552
Münchwilen (TG);9552
Bettwiesen;9553
Tobel-Tägerschen;9554
Affeltrangen;9555
Tobel-Tägerschen;9555
Affeltrangen;9556
Affeltrangen;9562
Bussnang;9562
Bussnang;9565
Sirnach;9573
Kirchberg (SG);9601
Lütisburg;9601
Mosnang;9601
Bütschwil-Ganterschwil;9601
Kirchberg (SG);9602
Lütisburg;9602
Lütisburg;9604
Jonschwil;9604
Oberuzwil;9604
Bütschwil-Ganterschwil;9606
Mosnang;9607
Lütisburg;9608
Bütschwil-Ganterschwil;9608
Mosnang;9612
Kirchberg (SG);9613
Mosnang;9613
Mosnang;9614
Bütschwil-Ganterschwil;9614
Wattwil;9615
Mosnang;9615
Bütschwil-Ganterschwil;9615
Lichtensteig;9620
Oberhelfenschwil;9620
Neckertal;9620
Wattwil;9620
Bütschwil-Ganterschwil;9620
Oberhelfenschwil;9621
Bütschwil-Ganterschwil;9621
Wattwil;9622
Neckertal;9630
Wattwil;9630
Wattwil;9631
Ebnat-Kappel;9633
Nesslau;9633
Hemberg;9633
Wattwil;9633
Ebnat-Kappel;9642
Wattwil;9642
Ebnat-Kappel;9643
Nesslau;9643
Nesslau;9650
Nesslau;9651
Nesslau;9652
Nesslau;9655
Wildhaus-Alt St. Johann;9656
Wildhaus-Alt St. Johann;9657
Gams;9658
Grabs;9658
Wildhaus-Alt St. Johann;9658
