1000;Lausanne
1003;Lausanne
1004;Lausanne
1005;Lausanne
1006;Lausanne
1006;Pully
1007;Lausanne
1008;Jouxtens-Mézery
1008;Prilly
1008;Renens (VD)
1009;Pully
1010;Lausanne
1011;Lausanne
1012;Lausanne
1015;Chavannes-près-Renens
1015;Ecublens (VD)
1015;Saint-Sulpice (VD)
1018;Lausanne
1020;Renens (VD)
1022;Chavannes-près-Renens
1023;Crissier
1023;Lausanne
1024;Ecublens (VD)
1024;Saint-Sulpice (VD)
1025;Saint-Sulpice (VD)
1026;Denges
1026;Echandens
1027;Echandens
1027;Lonay
1028;Préverenges
1029;Villars-Sainte-Croix
1030;Bussigny
1031;Mex (VD)
1032;Lausanne
1032;Romanel-sur-Lausanne
1033;Cheseaux-sur-Lausanne
1033;Crissier
1033;Lausanne
1034;Boussens
1035;Bournens
1036;Sullens
1037;Etagnières
1038;Bercher
1038;Boulens
1038;Montanaire
1040;Echallens
1040;Saint-Barthélemy (VD)
1040;Villars-le-Terroir
1041;Bottens
1041;Poliez-Pittet
1041;Montilliez
1041;Jorat-Menthue
1042;Bettens
1042;Assens
1042;Bioley-Orjulaz
1043;Montilliez
1044;Fey
1045;Ogens
1045;Bioley-Magnoux
1046;Rueyres
1047;Rueyres
1047;Oppens
1052;Lausanne
1052;Le Mont-sur-Lausanne
1053;Bretigny-sur-Morrens
1053;Cugy (VD)
1053;Lausanne
1054;Morrens (VD)
1055;Froideville
1058;Jorat-Menthue
1059;Hermenches
1059;Jorat-Menthue
1061;Jorat-Menthue
1062;Jorat-Menthue
1063;Boulens
1063;Montanaire
1063;Jorat-Menthue
1066;Epalinges
1066;Lausanne
1068;Pully
1070;Puidoux
1070;Bourg-en-Lavaux
1070;Chardonne
1071;Chexbres
1071;Puidoux
1071;Rivaz
1071;Saint-Saphorin (Lavaux)
1071;Chardonne
1072;Forel (Lavaux)
1073;Forel (Lavaux)
1073;Savigny
1076;Ferlens (VD)
1077;Servion
1078;Essertes
1080;Forel (Lavaux)
1080;Servion
1081;Montpreveyres
1082;Corcelles-le-Jorat
1083;Carrouge (VD)
1083;Mézières (VD)
1084;Carrouge (VD)
1084;Vulliens
1085;Vulliens
1088;Ropraz
1090;Lutry
1090;Savigny
1091;Forel (Lavaux)
1091;Savigny
1091;Bourg-en-Lavaux
1092;Belmont-sur-Lausanne
1092;Lutry
1093;Lutry
1094;Paudex
1095;Lutry
1095;Bourg-en-Lavaux
1096;Puidoux
1096;Bourg-en-Lavaux
1097;Bourg-en-Lavaux
1098;Puidoux
1098;Bourg-en-Lavaux
1110;Morges
1112;Echichens
1113;Echichens
1114;Echichens
1115;Vullierens
1116;Cottens (VD)
1117;Grancy
1121;Bremblens
1122;Romanel-sur-Morges
1123;Aclens
1124;Gollion
1125;Echichens
1126;Vaux-sur-Morges
1127;Clarmont
1128;Apples
1128;Reverolle
1131;Tolochenaz
1132;Lully (VD)
1134;Chigny
1134;Vufflens-le-Château
1135;Denens
1136;Bussy-Chardonney
1141;Sévery
1142;Pampigny
1143;Apples
1143;Sévery
1144;Ballens
1145;Bière
1145;Saint-Livres
1146;Mollens (VD)
1147;Montricher
1148;La Chaux (Cossonay)
1148;Chavannes-le-Veyron
1148;Cuarnens
1148;L'Isle
1148;Mauraz
1148;Moiry
1148;Mont-la-Ville
1148;La Praz
1149;Berolle
1149;Bière
1162;Saint-Prex
1163;Etoy
1164;Buchillon
1165;Allaman
1166;Féchy
1166;Perroy
1167;Lussy-sur-Morges
1168;Villars-sous-Yens
1169;Yens
1170;Aubonne
1170;Montherod
1170;Saint-Livres
1170;Lavigny
1172;Aubonne
1172;Bougy-Villars
1173;Féchy
1174;Aubonne
1174;Montherod
1175;Lavigny
1176;Saint-Livres
1180;Essertines-sur-Rolle
1180;Gilly
1180;Rolle
1180;Tartegnin
1182;Gilly
1183;Bursins
1183;Gilly
1184;Luins
1184;Vinzel
1185;Essertines-sur-Rolle
1185;Mont-sur-Rolle
1185;Rolle
1186;Essertines-sur-Rolle
1186;Gilly
1187;Saint-Oyens
1188;Gimel
1188;Saint-George
1189;Saubraz
1195;Bursinel
1195;Dully
1195;Gilly
1196;Coinsins
1196;Gland
1196;Prangins
1197;Prangins
1201;Genève
1202;Genève
1202;Le Grand-Saconnex
1202;Pregny-Chambésy
1203;Genève
1204;Genève
1205;Genève
1206;Genève
1207;Cologny
1207;Genève
1208;Genève
1209;Genève
1209;Le Grand-Saconnex
1209;Vernier
1212;Carouge (GE)
1212;Lancy
1212;Onex
1212;Plan-les-Ouates
1213;Genève
1213;Lancy
1213;Onex
1214;Meyrin
1214;Satigny
1214;Vernier
1215;Le Grand-Saconnex
1215;Meyrin
1216;Le Grand-Saconnex
1216;Meyrin
1216;Vernier
1217;Meyrin
1217;Satigny
1218;Genève
1218;Le Grand-Saconnex
1219;Vernier
1220;Vernier
1222;Choulex
1222;Collonge-Bellerive
1222;Cologny
1222;Corsier (GE)
1222;Meinier
1223;Cologny
1223;Vandoeuvres
1224;Chêne-Bougeries
1224;Thônex
1225;Chêne-Bourg
1225;Thônex
1226;Chêne-Bourg
1226;Thônex
1227;Carouge (GE)
1227;Genève
1227;Lancy
1228;Confignon
1228;Lancy
1228;Plan-les-Ouates
1231;Chêne-Bougeries
1231;Genève
1231;Thônex
1232;Bernex
1232;Confignon
1233;Bernex
1234;Veyrier
1236;Avusy
1236;Bernex
1236;Cartigny
1236;Laconnex
1237;Avully
1237;Chancy
1239;Collex-Bossy
1241;Presinge
1241;Puplinge
1242;Satigny
1243;Presinge
1244;Choulex
1244;Meinier
1244;Presinge
1245;Collonge-Bellerive
1246;Collonge-Bellerive
1246;Corsier (GE)
1247;Anières
1248;Anières
1248;Hermance
1251;Anières
1251;Corsier (GE)
1251;Gy
1251;Meinier
1252;Meinier
1253;Chêne-Bougeries
1253;Cologny
1253;Vandoeuvres
1254;Gy
1254;Jussy
1254;Meinier
1254;Presinge
1255;Troinex
1255;Veyrier
1256;Lancy
1256;Plan-les-Ouates
1256;Troinex
1256;Veyrier
1257;Bardonnex
1257;Plan-les-Ouates
1257;Troinex
1258;Bardonnex
1258;Perly-Certoux
1260;Nyon
1260;Prangins
1261;Longirod
1261;Marchissy
1261;Le Vaud
1262;Eysins
1263;Crassier
1264;Arzier-Le Muids
1264;Saint-Cergue
1265;Saint-Cergue
1266;Duillier
1267;Coinsins
1267;Vich
1268;Begnins
1268;Bursins
1268;Burtigny
1268;Vinzel
1269;Bassins
1270;Trélex
1271;Givrins
1272;Genolier
1272;Givrins
1273;Arzier-Le Muids
1274;Grens
1274;Signy-Avenex
1274;Trélex
1275;Chéserex
1275;La Rippe
1276;Chéserex
1276;Gingins
1276;Saint-Cergue
1277;Arnex-sur-Nyon
1277;Borex
1278;La Rippe
1279;Bogis-Bossey
1279;Chavannes-de-Bogis
1281;Russin
1281;Satigny
1283;Dardagny
1284;Chancy
1285;Avusy
1285;Chancy
1286;Bernex
1286;Soral
1287;Laconnex
1288;Aire-la-Ville
1290;Chavannes-des-Bois
1290;Mies
1290;Collex-Bossy
1290;Genthod
1290;Versoix
1291;Commugny
1292;Genève
1292;Pregny-Chambésy
1293;Bellevue
1293;Genthod
1294;Bellevue
1294;Genthod
1295;Mies
1295;Tannay
1296;Commugny
1296;Coppet
1297;Commugny
1297;Coppet
1297;Founex
1298;Céligny
1299;Crans-près-Céligny
1302;Vufflens-la-Ville
1303;Penthaz
1304;Cossonay
1304;Dizy
1304;Senarclens
1305;Penthalaz
1306;Bettens
1306;Daillens
1307;Lussery-Villars
1308;La Chaux (Cossonay)
1312;Eclépens
1313;Ferreyres
1315;La Sarraz
1316;La Chaux (Cossonay)
1316;Chevilly
1317;Orny
1318;Pompaples
1321;Arnex-sur-Orbe
1322;Croy
1323;Romainmôtier-Envy
1324;Premier
1325;Mont-la-Ville
1325;Vaulion
1326;Juriens
1329;Bretonnières
1337;Vallorbe
1338;Ballaigues
1341;Le Chenit
1342;L'Abbaye
1343;Le Lieu
1344;L'Abbaye
1345;Le Lieu
1346;L'Abbaye
1347;Le Chenit
1348;Le Chenit
1350;Orbe
1352;Agiez
1353;Bofflens
1354;Montcherand
1355;L'Abergement
1355;Sergey
1356;Les Clées
1357;Lignerolle
1358;Valeyres-sous-Rances
1372;Orny
1372;Bavois
1373;Chavornay
1374;Corcelles-sur-Chavornay
1375;Penthéréaz
1376;Goumoëns
1377;Oulens-sous-Echallens
1400;Cheseaux-Noréaz
1400;Cuarny
1400;Yverdon-les-Bains
1404;Cuarny
1404;Villars-Epeney
1405;Pomy
1406;Cronay
1407;Bioley-Magnoux
1407;Donneloye
1408;Donneloye
1409;Montanaire
1410;Prévondavaux
1410;Montanaire
1412;Ursins
1412;Valeyres-sous-Ursins
1413;Orzens
1415;Démoret
1415;Molondin
1416;Pailly
1417;Essertines-sur-Yverdon
1418;Vuarrens
1420;Fiez
1421;Fontaines-sur-Grandson
1421;Grandevent
1422;Grandson
1423;Bonvillars
1423;Tévenon
1424;Champagne
1425;Onnens (VD)
1426;Concise
1426;Corcelles-près-Concise
1427;Bonvillars
1428;Concise
1428;Mutrux
1428;Provence
1429;Giez
1430;Orges
1431;Novalles
1431;Vugelles-La Mothe
1432;Belmont-sur-Yverdon
1432;Valeyres-sous-Ursins
1432;Yverdon-les-Bains
1433;Suchy
1434;Ependes (VD)
1435;Chavornay
1435;Essert-Pittet
1436;Chamblon
1436;Treycovagnes
1437;Suscévaz
1438;Mathod
1439;Rances
1441;Valeyres-sous-Montagny
1442;Montagny-près-Yverdon
1443;Champvent
1445;Sainte-Croix
1445;Vuiteboeuf
1446;Baulmes
1450;Sainte-Croix
1452;Bullet
1452;Sainte-Croix
1453;Bullet
1453;Fiez
1453;Fontaines-sur-Grandson
1453;Mauborget
1453;Tévenon
1454;Sainte-Croix
1462;Cheseaux-Noréaz
1462;Yvonand
1463;Rovray
1464;Chavannes-le-Chêne
1464;Chêne-Pâquier
1468;Cheyres
1470;Estavayer-le-Lac
1470;Lully (FR)
1473;Châtillon (FR)
1473;Estavayer-le-Lac
1474;Châbles
1475;Vernay
1482;Cugy (FR)
1483;Cugy (FR)
1483;Lully (FR)
1483;Les Montets
1484;Les Montets
1485;Nuvilly
1485;Valbroye
1486;Vuissens
1489;Murist
1509;Vucherens
1510;Moudon
1510;Syens
1512;Chavannes-sur-Moudon
1513;Hermenches
1513;Rossenges
1513;Corcelles-le-Jorat
1513;Ropraz
1514;Bussy-sur-Moudon
1515;Villars-le-Comte
1515;Montanaire
1521;Curtilles
1522;Lucens
1522;Valbroye
1523;Valbroye
1524;Valbroye
1525;Villeneuve (FR)
1525;Henniez
1525;Valbroye
1526;Cremin
1526;Forel-sur-Lucens
1527;Villeneuve (FR)
1528;Surpierre
1529;Cheiry
1530;Rueyres-les-Prés
1530;Corcelles-près-Payerne
1530;Payerne
1532;Fétigny
1533;Ménières
1534;Cheiry
1534;Valbroye
1535;Valbroye
1536;Valbroye
1537;Champtauroz
1538;Treytorrens (Payerne)
1541;Bussy (FR)
1541;Morens (FR)
1541;Sévaz
1542;Rueyres-les-Prés
1543;Grandcour
1544;Gletterens
1545;Chevroux
1551;Payerne
1552;Trey
1553;Châtonnaye
1554;Villarzel
1555;Villarzel
1562;Montagny (FR)
1562;Corcelles-près-Payerne
1562;Payerne
1563;Belmont-Broye
1564;Belmont-Broye
1565;Vallon
1565;Missy
1566;Saint-Aubin (FR)
1567;Delley-Portalban
1568;Delley-Portalban
1580;Belmont-Broye
1580;Avenches
1583;Villarepos
1584;Vully-les-Lacs
1585;Vully-les-Lacs
1586;Vully-les-Lacs
1587;Vully-les-Lacs
1588;Cudrefin
1589;Vully-les-Lacs
1595;Clavaleyres
1595;Faoug
1607;Puidoux
1607;Oron
1608;Chapelle (Glâne)
1608;Oron
1609;Saint-Martin (FR)
1610;Oron
1611;La Verrerie
1612;Attalens
1612;Oron
1613;Maracon
1614;Granges (Veveyse)
1614;Chardonne
1615;Bossonnens
1616;Attalens
1617;Attalens
1617;Remaufens
1618;Châtel-Saint-Denis
1618;Remaufens
1619;Châtel-Saint-Denis
1623;Semsales
1624;Semsales
1624;La Verrerie
1625;Sâles
1626;Sâles
1627;Vaulruz
1627;Semsales
1628;Riaz
1628;Vuadens
1630;Bulle
1632;Riaz
1633;Marsens
1634;La Roche
1635;Bulle
1635;Gruyères
1635;Le Pâquier (FR)
1636;Broc
1636;Gruyères
1637;Val-de-Charmey
1638;Morlon
1642;Sorens
1643;Pont-en-Ogoz
1644;Pont-en-Ogoz
1645;Pont-en-Ogoz
1646;Corbières
1646;Echarlens
1647;Corbières
1648;Hauteville
1649;Pont-la-Ville
1651;Corbières
1652;Botterens
1653;Châtel-sur-Montsalvens
1653;Crésuz
1654;Val-de-Charmey
1656;Jaun
1657;Boltigen
1657;Saanen
1658;Rossinière
1659;Château-d'Oex
1659;Rougemont
1660;Château-d'Oex
1661;Gruyères
1661;Le Pâquier (FR)
1663;Gruyères
1665;Bas-Intyamon
1666;Grandvillard
1666;Bas-Intyamon
1667;Bas-Intyamon
1669;Haut-Intyamon
1670;Ursy
1673;Auboranges
1673;Ecublens (FR)
1673;Rue
1674;Montet (Glâne)
1674;Ursy
1675;Rue
1675;Ursy
1676;Siviriez
1677;Siviriez
1678;Siviriez
1679;Siviriez
1680;Mézières (FR)
1680;Romont (FR)
1680;Siviriez
1680;La Folliaz
1681;Billens-Hennens
1682;Dompierre (VD)
1682;Lovatens
1682;Prévonloup
1682;Valbroye
1683;Brenles
1683;Chesalles-sur-Moudon
1683;Sarzens
1684;Mézières (FR)
1685;Vuisternens-dev-Romont
1686;Grangettes
1686;Vuisternens-dev-Romont
1687;Vuisternens-dev-Romont
1688;Vuisternens-dev-Romont
1689;Le Châtelard
1690;Villaz-Saint-Pierre
1690;Villorsonnens
1690;La Folliaz
1691;La Folliaz
1692;Massonnens
1694;Villorsonnens
1695;Gibloux
1696;Gibloux
1697;Vuisternens-dev-Romont
1699;Le Flon
1700;Fribourg
1700;Düdingen
1700;Tafers
1712;Alterswil
1712;Schmitten (FR)
1712;Tafers
1713;Alterswil
1713;St. Antoni
1713;Schmitten (FR)
1713;Tafers
1714;Heitenried
1714;St. Antoni
1715;Alterswil
1715;St. Antoni
1715;St. Ursen
1716;Jaun
1716;Val-de-Charmey
1716;Oberschrot
1716;Plaffeien
1717;Alterswil
1717;St. Ursen
1718;Rechthalten
1718;St. Ursen
1719;Brünisried
1719;Oberschrot
1719;Zumholz
1720;Chésopelloz
1720;Corminboeuf
1721;Misery-Courtion
1721;Avenches
1722;Fribourg
1723;Marly
1723;Pierrafortscha
1723;Villarsel-sur-Marly
1724;Ferpicloz
1724;Le Mouret
1724;Senèdes
1724;Treyvaux
1724;St. Silvester
1725;Arconciel
1725;Hauterive (FR)
1726;Gibloux
1727;Gibloux
1728;Gibloux
1730;Hauterive (FR)
1731;Ependes (FR)
1732;Arconciel
1733;La Roche
1733;Treyvaux
1734;St. Silvester
1734;Tentlingen
1735;Giffers
1735;Rechthalten
1736;St. Silvester
1737;Plasselb
1738;Guggisberg
1738;Rüschegg
1738;Plaffeien
1740;Neyruz (FR)
1741;Cottens (FR)
1742;Autigny
1744;Chénens
1745;Autigny
1745;La Brillaz
1746;Prez-vers-Noréaz
1747;Corserey
1748;Torny
1749;Torny
1752;Villars-sur-Glâne
1753;Corminboeuf
1753;Matran
1754;Avry
1756;La Brillaz
1757;Noréaz
1762;Givisiez
1763;Granges-Paccot
1772;Grolley
1772;Ponthaux
1773;Belmont-Broye
1774;Montagny (FR)
1775;Montagny (FR)
1776;Montagny (FR)
1776;Belmont-Broye
1782;Belfaux
1782;La Sonnaz
1783;Barberêche
1784;Courtepin
1784;Wallenried
1785;Cressier (FR)
1786;Mont-Vully
1787;Mont-Vully
1787;Vully-les-Lacs
1788;Mont-Vully
1789;Mont-Vully
1791;Courtepin
1792;Gurmels
1793;Murten
1794;Murten
1795;Murten
1796;Courgevaux
1797;Münchenwiler
1800;Vevey
1801;Chardonne
1802;Chardonne
1802;Corseaux
1803;Chardonne
1803;Jongny
1804;Corsier-sur-Vevey
1804;Jongny
1805;Chardonne
1805;Corsier-sur-Vevey
1805;Jongny
1806;Saint-Légier-La Chiésaz
1807;Blonay
1807;Montreux
1808;Attalens
1808;Corsier-sur-Vevey
1809;Corsier-sur-Vevey
1814;La Tour-de-Peilz
1815;Montreux
1816;Blonay
1816;Montreux
1817;Montreux
1820;Montreux
1820;Veytaux
1822;Montreux
1823;Montreux
1824;Montreux
1832;Montreux
1833;Montreux
1844;Villeneuve (VD)
1845;Noville
1846;Chessel
1846;Yvorne
1847;Rennaz
1852;Roche (VD)
1852;Yvorne
1853;Yvorne
1854;Leysin
1856;Corbeyrier
1860;Aigle
1860;Ollon
1862;Ormont-Dessous
1863;Aigle
1863;Ormont-Dessous
1864;Ormont-Dessous
1864;Ormont-Dessus
1865;Ormont-Dessus
1866;Ollon
1866;Ormont-Dessous
1866;Ormont-Dessus
1867;Ollon
1868;Collombey-Muraz
1869;Massongex
1870;Monthey
1871;Monthey
1871;Massongex
1872;Collombey-Muraz
1872;Troistorrents
1873;Val-d'Illiez
1874;Champéry
1875;Troistorrents
1880;Bex
1880;Gryon
1882;Bex
1882;Gryon
1884;Ollon
1885;Ollon
1890;Saint-Maurice
1891;Massongex
1891;Vérossaz
1892;Lavey-Morcles
1893;Collombey-Muraz
1895;Vionnaz
1896;Vouvry
1897;Port-Valais
1897;Vouvry
1898;Saint-Gingolph
1899;Vionnaz
1902;Evionnaz
1902;Saint-Maurice
1903;Collonges
1904;Martigny
1904;Vernayaz
1905;Dorénaz
1906;Charrat
1906;Martigny
1907;Saxon
1908;Riddes
1911;Chamoson
1911;Leytron
1912;Leytron
1913;Saillon
1914;Isérables
1914;Riddes
1918;Riddes
1920;Martigny
1920;Vernayaz
1921;Martigny-Combe
1922;Salvan
1923;Salvan
1925;Finhaut
1926;Fully
1927;Vollèges
1927;Bovernier
1927;Martigny
1928;Martigny-Combe
1929;Trient
1932;Bovernier
1932;Martigny-Combe
1933;Sembrancher
1933;Vollèges
1934;Bagnes
1936;Bagnes
1937;Orsières
1938;Orsières
1941;Vollèges
1942;Vollèges
1943;Orsières
1944;Orsières
1945;Liddes
1946;Bourg-Saint-Pierre
1947;Bagnes
1948;Bagnes
1950;Grimisuat
1950;Savièse
1950;Sion
1955;Chamoson
1957;Ardon
1958;Ayent
1958;Saint-Léonard
1958;Sierre
1958;Sion
1961;Mont-Noble
1962;Savièse
1962;Sion
1963;Vétroz
1964;Conthey
1965;Savièse
1965;Sion
1966;Ayent
1967;Sion
1968;Mont-Noble
1969;Saint-Martin (VS)
1971;Grimisuat
1971;Sion
1972;Ayent
1972;Arbaz
1973;Mont-Noble
1974;Arbaz
1975;Conthey
1976;Conthey
1977;Icogne
1978;Icogne
1978;Lens
1981;Vex
1982;Hérémence
1982;Saint-Martin (VS)
1983;Evolène
1984;Evolène
1985;Evolène
1986;Evolène
1987;Hérémence
1988;Vex
1991;Sion
1991;Veysonnaz
1992;Les Agettes
1992;Vex
1992;Sion
1993;Nendaz
1993;Sion
1993;Veysonnaz
1994;Nendaz
1994;Sion
1996;Nendaz
1997;Nendaz
2000;Milvignes
2000;Neuchâtel
2012;Milvignes
2013;Boudry
2013;Milvignes
2014;Boudry
2014;Milvignes
2015;Boudry
2016;Cortaillod
2017;Boudry
2019;Boudry
2019;Rochefort
2022;Bevaix
2023;Gorgier
2024;Saint-Aubin-Sauges
2025;Gorgier
2027;Fresens
2027;Montalchez
2027;Saint-Aubin-Sauges
2028;Concise
2028;Saint-Aubin-Sauges
2028;Vaumarcus
2034;Peseux
2035;Corcelles-Cormondrèche
2035;Rochefort
2035;Milvignes
2036;Corcelles-Cormondrèche
2036;Milvignes
2037;Corcelles-Cormondrèche
2037;Rochefort
2037;Val-de-Ruz
2042;Valangin
2042;Val-de-Ruz
2043;Val-de-Ruz
2046;Val-de-Ruz
2052;Val-de-Ruz
2053;Val-de-Ruz
2054;Val-de-Ruz
2056;Val-de-Ruz
2057;Val-de-Ruz
2058;Val-de-Ruz
2063;Val-de-Ruz
2065;Val-de-Ruz
2067;Enges
2067;Neuchâtel
2067;Val-de-Ruz
2068;Hauterive (NE)
2072;Cornaux
2072;Cressier (NE)
2072;Saint-Blaise
2073;Enges
2073;Le Landeron
2074;La Tène
2075;Cornaux
2075;La Tène
2087;Cornaux
2087;Cressier (NE)
2088;Cressier (NE)
2103;Gorgier
2103;Rochefort
2103;Val-de-Travers
2105;Val-de-Travers
2108;Provence
2108;Val-de-Travers
2112;Val-de-Travers
2113;Val-de-Travers
2114;Val-de-Travers
2115;Val-de-Travers
2116;Val-de-Travers
2117;La Côte-aux-Fées
2123;Val-de-Travers
2124;La Brévine
2124;Val-de-Travers
2126;Les Verrières
2126;Val-de-Travers
2127;Val-de-Travers
2149;Boudry
2149;Rochefort
2206;Val-de-Ruz
2207;Val-de-Ruz
2208;Val-de-Ruz
2300;La Chaux-de-Fonds
2314;La Chaux-de-Fonds
2314;La Sagne
2316;Les Ponts-de-Martel
2318;Rochefort
2318;Brot-Plamboz
2318;Val-de-Travers
2322;La Chaux-de-Fonds
2322;Le Locle
2325;Les Planchettes
2333;La Ferrière
2333;Sonvilier
2336;Les Bois
2336;Le Noirmont
2338;Muriaux
2340;Le Noirmont
2345;Saint-Imier
2345;Sonvilier
2345;Villeret
2345;Les Breuleux
2345;La Chaux-des-Breuleux
2345;Muriaux
2345;Le Noirmont
2350;Saignelégier
2353;Les Enfers
2353;Saignelégier
2354;Saignelégier
2360;Le Bémont (JU)
2362;Montfaucon
2363;Le Bémont (JU)
2363;Les Enfers
2364;Saint-Brais
2400;Les Brenets
2400;Le Cerneux-Péquignot
2400;La Chaux-du-Milieu
2400;Le Locle
2405;Le Cerneux-Péquignot
2405;La Chaux-du-Milieu
2406;La Brévine
2406;Le Cerneux-Péquignot
2406;La Chaux-du-Milieu
2406;Les Verrières
2406;Val-de-Travers
2414;Le Cerneux-Péquignot
2416;Les Brenets
2502;Biel/Bienne
2503;Biel/Bienne
2503;Brügg
2504;Biel/Bienne
2504;Brügg
2504;Orpund
2505;Biel/Bienne
2505;Twann-Tüscherz
2512;Twann-Tüscherz
2513;Ligerz
2513;Twann-Tüscherz
2514;La Neuveville
2514;Ligerz
2515;Plateau de Diesse
2516;Plateau de Diesse
2516;Twann-Tüscherz
2517;Plateau de Diesse
2518;Nods
2518;Val-de-Ruz
2520;La Neuveville
2520;Le Landeron
2523;La Neuveville
2523;Nods
2523;Plateau de Diesse
2523;Le Landeron
2523;Lignières
2523;Val-de-Ruz
2525;Gals
2525;Le Landeron
2532;Biel/Bienne
2532;Evilard
2532;Twann-Tüscherz
2533;Evilard
2534;Corgémont
2534;Orvin
2534;Nods
2535;Sauge
2535;Péry-La Heutte
2536;Romont (BE)
2536;Sauge
2537;Sauge
2538;Romont (BE)
2540;Grenchen
2542;Pieterlen
2543;Lengnau (BE)
2544;Bettlach
2545;Selzach
2552;Brügg
2552;Orpund
2553;Safnern
2554;Meinisberg
2555;Brügg
2556;Scheuren
2556;Schwadernau
2557;Lyss
2557;Studen (BE)
2558;Aegerten
2558;Schwadernau
2560;Nidau
2560;Port
2562;Bellmund
2562;Port
2563;Bellmund
2563;Ipsach
2564;Bellmund
2565;Jens
2572;Mörigen
2572;Sutz-Lattrigen
2575;Lüscherz
2575;Hagneck
2575;Täuffelen
2576;Lüscherz
2576;Vinelz
2577;Finsterhennen
2577;Siselen
2603;Romont (BE)
2603;Péry-La Heutte
2604;Péry-La Heutte
2605;Sonceboz-Sombeval
2606;Corgémont
2606;Sonceboz-Sombeval
2607;Cortébert
2608;Corgémont
2608;Cortébert
2608;Courtelary
2610;Cormoret
2610;Courtelary
2610;Saint-Imier
2610;Sonvilier
2610;Villeret
2612;Cormoret
2613;Cormoret
2613;Villeret
2615;Sonvilier
2616;Renan (BE)
2616;Val-de-Ruz
2710;Reconvilier
2710;Tavannes
2712;Saicourt
2712;Petit-Val
2713;Saicourt
2714;Les Genevez (JU)
2715;Petit-Val
2716;Petit-Val
2717;Rebévelier
2717;Petit-Val
2718;Saulcy
2718;Lajoux (JU)
2718;Montfaucon
2720;Corgémont
2720;Sonceboz-Sombeval
2720;Tramelan
2720;Saicourt
2720;Tavannes
2722;Tramelan
2723;Cortébert
2723;Courtelary
2723;Mont-Tramelan
2723;Tramelan
2732;Péry-La Heutte
2732;Loveresse
2732;Reconvilier
2732;Saicourt
2732;Saules (BE)
2733;Valbirse
2735;Péry-La Heutte
2735;Champoz
2735;Court
2735;Valbirse
2736;Sorvilier
2738;Court
2740;Moutier
2740;Perrefitte
2740;Roches (BE)
2742;Perrefitte
2743;Eschert
2744;Belprahon
2745;Grandval
2746;Crémines
2747;Corcelles (BE)
2747;Crémines
2747;Seehof
2747;Aedermannsdorf
2748;Perrefitte
2748;Petit-Val
2748;Haute-Sorne
2762;Roches (BE)
2800;Courrendlin
2800;Delémont
2802;Develier
2803;Bourrignon
2803;Pleigne
2805;Soyhières
2806;Mettembert
2806;Pleigne
2807;Pleigne
2807;La Baroche
2812;Movelier
2813;Ederswiler
2813;Movelier
2813;Pleigne
2814;Kleinlützel
2814;Roggenburg
2814;Pleigne
2822;Courroux
2823;Courroux
2824;Val Terbi
2825;Courchapoix
2826;Corban
2827;Schelten
2827;Beinwil (SO)
2827;Mervelier
2828;Val Terbi
2829;Val Terbi
2830;Courrendlin
2830;Vellerat
2832;Rebeuvelier
2832;Val Terbi
2842;Rossemaison
2843;Châtillon (JU)
2852;Courtételle
2852;Delémont
2853;Haute-Sorne
2854;Haute-Sorne
2855;Haute-Sorne
2856;Boécourt
2857;Boécourt
2863;Haute-Sorne
2864;Haute-Sorne
2873;Saulcy
2873;Saint-Brais
2882;Saint-Brais
2882;Clos du Doubs
2883;Boécourt
2883;Saint-Brais
2883;Clos du Doubs
2883;La Baroche
2884;Clos du Doubs
2885;Clos du Doubs
2886;Saint-Brais
2886;Clos du Doubs
2887;Soubey
2888;Clos du Doubs
2889;Fontenais
2889;Clos du Doubs
2900;Porrentruy
2902;Fontenais
2903;Fontenais
2904;Fontenais
2905;Courtedoux
2906;Haute-Ajoie
2907;Rocourt
2908;Grandfontaine
2912;Haute-Ajoie
2914;Haute-Ajoie
2915;Bure
2915;Basse-Allaine
2916;Fahy
2916;Haute-Ajoie
2922;Courchavon
2923;Basse-Allaine
2924;Basse-Allaine
2925;Basse-Allaine
2926;Boncourt
2932;Coeuve
2933;Damphreux
2933;Lugnez
2935;Beurnevésin
2942;Alle
2943;Vendlincourt
2944;Bonfol
2946;La Baroche
2947;La Baroche
2950;Courgenay
2952;Cornol
2952;Courgenay
2953;La Baroche
2954;La Baroche
3004;Bern
3005;Bern
3006;Bern
3007;Bern
3007;Köniz
3008;Bern
3010;Bern
3011;Bern
3012;Bern
3013;Bern
3014;Bern
3015;Bern
3018;Bern
3019;Bern
3020;Bern
3020;Frauenkappelen
3027;Bern
3032;Bern
3032;Wohlen bei Bern
3033;Wohlen bei Bern
3033;Frauenkappelen
3034;Wohlen bei Bern
3035;Seedorf (BE)
3035;Wohlen bei Bern
3036;Radelfingen
3036;Wohlen bei Bern
3037;Bern
3037;Kirchlindach
3037;Wohlen bei Bern
3038;Kirchlindach
3042;Meikirch
3042;Kirchlindach
3042;Wohlen bei Bern
3043;Wohlen bei Bern
3044;Wohlen bei Bern
3045;Meikirch
3045;Wohlen bei Bern
3046;Meikirch
3047;Bremgarten bei Bern
3048;Bern
3048;Ittigen
3049;Wohlen bei Bern
3052;Zollikofen
3052;Münchenbuchsee
3053;Rapperswil (BE)
3053;Schüpfen
3053;Deisswil b. Münchenbuch.
3053;Diemerswil
3053;Moosseedorf
3053;Münchenbuchsee
3053;Wiggiswil
3054;Schüpfen
3063;Bern
3063;Ittigen
3063;Ostermundigen
3065;Bolligen
3065;Ostermundigen
3066;Bolligen
3066;Stettlen
3066;Vechigen
3066;Ostermundigen
3067;Stettlen
3067;Vechigen
3068;Vechigen
3068;Walkringen
3068;Worb
3072;Bern
3072;Ostermundigen
3073;Bern
3073;Muri bei Bern
3073;Ostermundigen
3074;Muri bei Bern
3075;Worb
3076;Muri bei Bern
3076;Stettlen
3076;Vechigen
3076;Worb
3077;Worb
3078;Worb
3082;Schlosswil
3082;Worb
3083;Münsingen
3084;Bern
3084;Köniz
3086;Oberbalm
3086;Belp
3086;Niedermuhlern
3086;Wald (BE)
3087;Niedermuhlern
3087;Rüeggisberg
3087;Wald (BE)
3088;Rüeggisberg
3089;Rüeggisberg
3095;Köniz
3096;Oberbalm
3096;Wald (BE)
3097;Bern
3097;Köniz
3098;Köniz
3099;Rüschegg
3099;Riggisberg
3099;Rüeggisberg
3110;Münsingen
3111;Münsingen
3111;Tägertschi
3112;Rubigen
3112;Allmendingen
3113;Rubigen
3113;Worb
3114;Kiesen
3114;Wichtrach
3115;Belp
3115;Gerzensee
3115;Mühledorf (BE)
3116;Kirchdorf (BE)
3116;Mühledorf (BE)
3116;Noflen
3122;Köniz
3122;Belp
3122;Kehrsatz
3123;Belp
3123;Kehrsatz
3123;Toffen
3124;Belp
3125;Belp
3125;Gelterfingen
3125;Toffen
3126;Gelterfingen
3126;Kaufdorf
3126;Toffen
3127;Lohnstorf
3127;Mühlethurnen
3128;Kirchenthurnen
3128;Mühlethurnen
3128;Rümligen
3132;Riggisberg
3132;Rüeggisberg
3132;Rümligen
3144;Köniz
3145;Köniz
3145;Oberbalm
3147;Köniz
3147;Oberbalm
3148;Schwarzenburg
3150;Guggisberg
3150;Schwarzenburg
3152;Rüschegg
3152;Schwarzenburg
3153;Rüschegg
3154;Rüschegg
3154;Schwarzenburg
3154;Rüeggisberg
3155;Riggisberg
3155;Rüeggisberg
3156;Guggisberg
3156;Rüschegg
3157;Guggisberg
3157;Rüschegg
3157;Schwarzenburg
3158;Guggisberg
3159;Guggisberg
3172;Köniz
3173;Köniz
3174;Köniz
3174;Neuenegg
3175;Wünnewil-Flamatt
3176;Neuenegg
3176;Wünnewil-Flamatt
3177;Ferenbalm
3177;Laupen
3177;Neuenegg
3178;Bösingen
3179;Kriechenwil
3179;Gurmels
3182;St. Antoni
3182;Schmitten (FR)
3182;Ueberstorf
3183;Schwarzenburg
3184;Bösingen
3184;Wünnewil-Flamatt
3185;Bösingen
3185;St. Antoni
3185;Schmitten (FR)
3185;Wünnewil-Flamatt
3186;Düdingen
3202;Frauenkappelen
3202;Mühleberg
3203;Mühleberg
3204;Mühleberg
3204;Neuenegg
3205;Ferenbalm
3205;Mühleberg
3205;Gurmels
3206;Ferenbalm
3206;Gurmels
3207;Ferenbalm
3207;Golaten
3207;Wileroltigen
3207;Kerzers
3208;Gurbrü
3210;Gurbrü
3210;Kerzers
3212;Gurmels
3213;Gurmels
3213;Kleinbösingen
3214;Ulmiz
3215;Gempenach
3215;Murten
3216;Ried bei Kerzers
3225;Müntschemier
3226;Kallnach
3226;Treiten
3232;Erlach
3232;Ins
3233;Erlach
3233;Tschugg
3234;Vinelz
3235;Erlach
3235;Gals
3235;Twann-Tüscherz
3236;Gampelen
3236;Ins
3237;Brüttelen
3238;Gals
3250;Aarberg
3250;Kappelen
3250;Lyss
3251;Rapperswil (BE)
3251;Wengi
3252;Kappelen
3252;Worben
3253;Schnottwil
3254;Rapperswil (BE)
3254;Messen
3255;Rapperswil (BE)
3256;Rapperswil (BE)
3257;Grossaffoltern
3262;Grossaffoltern
3263;Büetigen
3264;Diessbach bei Büren
3266;Seedorf (BE)
3267;Aarberg
3267;Seedorf (BE)
3268;Seedorf (BE)
3270;Aarberg
3270;Seedorf (BE)
3271;Radelfingen
3272;Epsach
3272;Walperswil
3273;Aarberg
3273;Kappelen
3274;Bühl
3274;Hermrigen
3274;Merzligen
3280;Courgevaux
3280;Greng
3280;Meyriez
3280;Murten
3282;Bargen (BE)
3283;Bargen (BE)
3283;Kallnach
3284;Fräschels
3285;Galmiz
3285;Murten
3286;Muntelier
3292;Lyss
3293;Dotzigen
3294;Büren an der Aare
3294;Dotzigen
3294;Meienried
3295;Rüti bei Büren
3296;Arch
3297;Leuzigen
3298;Oberwil bei Büren
3302;Moosseedorf
3303;Jegenstorf
3303;Zuzwil (BE)
3305;Jegenstorf
3305;Iffwil
3306;Fraubrunnen
3307;Messen
3308;Fraubrunnen
3309;Kernenried
3309;Fraubrunnen
3312;Fraubrunnen
3313;Fraubrunnen
3314;Bätterkinden
3314;Fraubrunnen
3315;Bätterkinden
3317;Fraubrunnen
3322;Mattstetten
3322;Moosseedorf
3322;Urtenen-Schönbühl
3323;Bäriswil
3324;Hindelbank
3324;Mötschwil
3325;Hindelbank
3325;Krauchthal
3325;Mötschwil
3326;Bolligen
3326;Krauchthal
3360;Herzogenbuchsee
3362;Niederönz
3363;Herzogenbuchsee
3365;Seeberg
3366;Bettenhausen
3367;Ochlenberg
3367;Thörigen
3368;Bleienbach
3368;Lotzwil
3372;Heimenhausen
3373;Heimenhausen
3374;Wangenried
3375;Inkwil
3376;Berken
3376;Graben
3377;Walliswil bei Wangen
3380;Walliswil bei Niederbipp
3380;Wangen an der Aare
3380;Wiedlisbach
3400;Burgdorf
3400;Kirchberg (BE)
3412;Heimiswil
3413;Burgdorf
3413;Heimiswil
3413;Affoltern im Emmental
3414;Burgdorf
3414;Oberburg
3414;Lützelflüh
3415;Hasle bei Burgdorf
3415;Heimiswil
3415;Lützelflüh
3415;Rüegsau
3416;Heimiswil
3416;Affoltern im Emmental
3416;Rüegsau
3416;Sumiswald
3417;Rüegsau
3418;Heimiswil
3418;Affoltern im Emmental
3418;Lützelflüh
3418;Rüegsau
3419;Hasle bei Burgdorf
3419;Lützelflüh
3421;Lyssach
3421;Mötschwil
3421;Oberburg
3421;Rüti bei Lyssach
3422;Ersigen
3422;Kirchberg (BE)
3422;Rüdtligen-Alchenflüh
3423;Ersigen
3424;Ersigen
3425;Ersigen
3425;Koppigen
3425;Willadingen
3426;Aefligen
3427;Utzenstorf
3427;Wiler bei Utzenstorf
3428;Wiler bei Utzenstorf
3429;Hellsau
3429;Höchstetten
3432;Hasle bei Burgdorf
3432;Rüderswil
3432;Lützelflüh
3433;Hasle bei Burgdorf
3433;Lauperswil
3433;Rüderswil
3433;Lützelflüh
3434;Landiswil
3434;Lützelflüh
3435;Lützelflüh
3436;Lauperswil
3436;Rüderswil
3437;Rüderswil
3438;Lauperswil
3438;Rüderswil
3439;Rüderswil
3439;Lützelflüh
3452;Lützelflüh
3453;Rüderswil
3453;Lützelflüh
3453;Trachselwald
3454;Lützelflüh
3454;Rüegsau
3454;Sumiswald
3455;Sumiswald
3456;Lützelflüh
3456;Trachselwald
3457;Sumiswald
3457;Wyssachen
3462;Affoltern im Emmental
3462;Sumiswald
3463;Affoltern im Emmental
3463;Dürrenroth
3463;Walterswil (BE)
3464;Wynigen
3464;Affoltern im Emmental
3464;Dürrenroth
3464;Walterswil (BE)
3465;Dürrenroth
3472;Burgdorf
3472;Ersigen
3472;Heimiswil
3472;Rumendingen
3472;Wynigen
3473;Alchenstorf
3474;Wynigen
3474;Seeberg
3475;Seeberg
3476;Ochlenberg
3476;Seeberg
3476;Thörigen
3503;Konolfingen
3504;Niederhünigen
3504;Oberhünigen
3506;Grosshöchstetten
3506;Mirchel
3506;Oberthal
3506;Zäziwil
3507;Arni (BE)
3507;Biglen
3508;Arni (BE)
3508;Landiswil
3508;Oberthal
3510;Freimettigen
3510;Häutligen
3510;Konolfingen
3510;Niederhünigen
3510;Wichtrach
3512;Walkringen
3513;Vechigen
3513;Hasle bei Burgdorf
3513;Walkringen
3531;Bowil
3531;Oberthal
3531;Zäziwil
3532;Mirchel
3532;Zäziwil
3532;Oberhünigen
3533;Bowil
3533;Zäziwil
3533;Oberhünigen
3533;Röthenbach im Emmental
3534;Bowil
3534;Signau
3535;Langnau im Emmental
3535;Signau
3536;Eggiwil
3537;Eggiwil
3537;Röthenbach im Emmental
3537;Trub
3537;Trubschachen
3538;Bowil
3538;Linden
3538;Röthenbach im Emmental
3543;Langnau im Emmental
3543;Lauperswil
3543;Signau
3550;Eggiwil
3550;Langnau im Emmental
3550;Lauperswil
3551;Langnau im Emmental
3551;Lauperswil
3551;Trachselwald
3552;Langnau im Emmental
3552;Trub
3553;Langnau im Emmental
3555;Langnau im Emmental
3555;Trub
3555;Trubschachen
3555;Escholzmatt-Marbach
3556;Trub
3556;Trubschachen
3557;Trub
3600;Hilterfingen
3600;Thun
3603;Thun
3604;Thun
3608;Thun
3612;Fahrni
3612;Schwendibach
3612;Steffisburg
3612;Thun
3613;Heimberg
3613;Steffisburg
3614;Buchholterberg
3614;Unterlangenegg
3615;Linden
3615;Röthenbach im Emmental
3615;Buchholterberg
3616;Eriz
3616;Oberlangenegg
3616;Unterlangenegg
3617;Fahrni
3617;Steffisburg
3618;Eggiwil
3618;Röthenbach im Emmental
3618;Buchholterberg
3618;Oberlangenegg
3618;Wachseldorn
3619;Eriz
3619;Horrenbach-Buchen
3619;Sigriswil
3622;Homberg
3623;Horrenbach-Buchen
3623;Sigriswil
3623;Teuffenthal (BE)
3624;Homberg
3624;Schwendibach
3624;Thun
3625;Heiligenschwendi
3625;Hilterfingen
3626;Hilterfingen
3626;Thun
3627;Heimberg
3627;Steffisburg
3628;Uttigen
3629;Kiesen
3629;Oppligen
3629;Jaberg
3629;Kirchdorf (BE)
3631;Stocken-Höfen
3632;Stocken-Höfen
3633;Amsoldingen
3633;Thierachern
3634;Thierachern
3635;Thierachern
3635;Uebeschi
3636;Thierachern
3636;Forst-Längenbühl
3638;Blumenstein
3638;Pohlern
3645;Spiez
3645;Thun
3645;Zwieselberg
3646;Spiez
3647;Reutigen
3652;Hilterfingen
3652;Oberhofen am Thunersee
3653;Oberhofen am Thunersee
3654;Oberhofen am Thunersee
3654;Sigriswil
3655;Sigriswil
3656;Sigriswil
3657;Sigriswil
3658;Sigriswil
3661;Uetendorf
3662;Seftigen
3663;Gurzelen
3663;Forst-Längenbühl
3664;Burgistein
3664;Gurzelen
3664;Riggisberg
3664;Wattenwil
3665;Burgistein
3665;Wattenwil
3665;Forst-Längenbühl
3671;Brenzikofen
3671;Herbligen
3671;Heimberg
3672;Linden
3672;Oberdiessbach
3673;Bowil
3673;Linden
3673;Oberhünigen
3674;Oberdiessbach
3674;Buchholterberg
3700;Spiez
3702;Aeschi bei Spiez
3702;Spiez
3703;Aeschi bei Spiez
3704;Aeschi bei Spiez
3704;Krattigen
3704;Spiez
3705;Spiez
3706;Därligen
3706;Leissigen
3707;Därligen
3711;Aeschi bei Spiez
3711;Reichenbach im Kandertal
3711;Wimmis
3713;Frutigen
3713;Reichenbach im Kandertal
3714;Frutigen
3714;Reichenbach im Kandertal
3715;Adelboden
3715;Frutigen
3716;Frutigen
3716;Kandergrund
3717;Kandergrund
3718;Kandersteg
3722;Reichenbach im Kandertal
3723;Reichenbach im Kandertal
3724;Frutigen
3725;Adelboden
3725;Frutigen
3752;Wimmis
3753;Diemtigen
3754;Diemtigen
3754;Erlenbach im Simmental
3755;Diemtigen
3756;Diemtigen
3757;Diemtigen
3758;Erlenbach im Simmental
3762;Erlenbach im Simmental
3763;Därstetten
3764;Därstetten
3764;Oberwil im Simmental
3765;Oberwil im Simmental
3766;Oberwil im Simmental
3766;Boltigen
3770;Boltigen
3770;Zweisimmen
3771;Zweisimmen
3772;St. Stephan
3773;Lenk
3773;St. Stephan
3775;Lenk
3776;Zweisimmen
3777;Zweisimmen
3777;Saanen
3778;Saanen
3780;Saanen
3781;Saanen
3782;Lauenen
3783;Saanen
3784;Gsteig
3785;Gsteig
3792;Saanen
3800;Beatenberg
3800;Gsteigwiler
3800;Interlaken
3800;Matten bei Interlaken
3800;Unterseen
3800;Wilderswil
3801;Fieschertal
3803;Beatenberg
3804;Habkern
3805;Ringgenberg (BE)
3806;Bönigen
3807;Iseltwald
3812;Wilderswil
3813;Gsteigwiler
3813;Saxeten
3814;Gsteigwiler
3815;Gündlischwand
3815;Wilderswil
3816;Grindelwald
3816;Lütschental
3818;Grindelwald
3822;Lauterbrunnen
3823;Grindelwald
3823;Lauterbrunnen
3824;Lauterbrunnen
3825;Lauterbrunnen
3826;Lauterbrunnen
3852;Ringgenberg (BE)
3853;Niederried b. Interlaken
3854;Oberried am Brienzersee
3855;Brienz (BE)
3855;Oberried am Brienzersee
3855;Schwanden bei Brienz
3856;Brienz (BE)
3856;Brienzwiler
3856;Meiringen
3857;Meiringen
3858;Hofstetten bei Brienz
3860;Meiringen
3860;Schattenhalb
3862;Innertkirchen
3863;Innertkirchen
3864;Guttannen
3900;Brig-Glis
3900;Ried-Brig
3900;Termen
3901;Ried-Brig
3902;Brig-Glis
3903;Naters
3904;Naters
3905;Saas-Almagell
3906;Saas-Fee
3907;Simplon
3907;Zwischbergen
3908;Saas-Balen
3910;Saas-Fee
3910;Saas-Grund
3911;Ried-Brig
3912;Termen
3913;Termen
3914;Naters
3916;Ferden
3917;Ferden
3917;Kippel
3918;Wiler (Lötschen)
3919;Blatten
3920;Zermatt
3922;Eisten
3922;Embd
3922;Stalden (VS)
3922;Visperterminen
3923;Törbel
3924;St. Niklaus
3925;Grächen
3926;Embd
3927;St. Niklaus
3928;Randa
3929;Täsch
3930;Visp
3930;Visperterminen
3931;Lalden
3932;Visperterminen
3933;Staldenried
3934;Zeneggen
3935;Bürchen
3937;Baltschieder
3938;Ausserberg
3939;Eggerberg
3940;Steg-Hohtenn
3942;Niedergesteln
3942;Raron
3943;Eischoll
3944;Unterbäch
3945;Leuk
3945;Gampel-Bratsch
3945;Turtmann-Unterems
3946;Ergisch
3946;Turtmann-Unterems
3947;Ergisch
3948;Oberems
3948;Turtmann-Unterems
3949;Steg-Hohtenn
3951;Agarn
3952;Leuk
3953;Inden
3953;Leuk
3953;Varen
3954;Leukerbad
3955;Albinen
3956;Albinen
3956;Leuk
3956;Guttet-Feschel
3957;Leuk
3957;Gampel-Bratsch
3960;Montana
3960;Randogne
3960;Sierre
3960;Anniviers
3961;Anniviers
3963;Chermignon
3963;Icogne
3963;Lens
3963;Mollens (VS)
3963;Montana
3963;Randogne
3965;Chippis
3965;Sierre
3966;Chalais
3966;Sierre
3967;Chalais
3968;Veyras
3970;Leuk
3970;Salgesch
3971;Chermignon
3971;Lens
3971;Sierre
3972;Miège
3972;Mollens (VS)
3973;Randogne
3973;Venthône
3974;Mollens (VS)
3974;Randogne
3975;Randogne
3976;Chermignon
3976;Montana
3976;Sierre
3977;Sierre
3978;Lens
3979;Grône
3982;Termen
3982;Bitsch
3982;Riederalp
3983;Bister
3983;Riederalp
3983;Mörel-Filet
3983;Bettmeralp
3984;Fiesch
3984;Fieschertal
3985;Münster-Geschinen
3986;Riederalp
3987;Riederalp
3988;Obergoms
3989;Blitzingen
3989;Niederwald
3989;Grafschaft
3991;Bettmeralp
3992;Bettmeralp
3993;Grengiols
3994;Lax
3994;Bettmeralp
3995;Ernen
3996;Binn
3997;Bellwald
3998;Reckingen-Gluringen
3999;Obergoms
4001;Basel
4051;Basel
4052;Basel
4052;Münchenstein
4053;Basel
4053;Binningen
4054;Basel
4055;Basel
4056;Basel
4057;Basel
4058;Basel
4058;Riehen
4059;Basel
4101;Binningen
4101;Bottmingen
4102;Binningen
4102;Bottmingen
4103;Bottmingen
4104;Oberwil (BL)
4105;Biel-Benken
4106;Therwil
4107;Ettingen
4108;Witterswil
4112;Bättwil
4112;Hofstetten-Flüh
4114;Hofstetten-Flüh
4115;Hofstetten-Flüh
4115;Metzerlen-Mariastein
4116;Metzerlen-Mariastein
4117;Burg im Leimental
4118;Rodersdorf
4123;Allschwil
4124;Schönenbuch
4125;Riehen
4126;Bettingen
4127;Birsfelden
4127;Muttenz
4132;Muttenz
4133;Muttenz
4133;Augst
4133;Frenkendorf
4133;Pratteln
4142;Münchenstein
4142;Muttenz
4143;Dornach
4144;Arlesheim
4144;Reinach (BL)
4145;Gempen
4146;Hochwald
4147;Aesch (BL)
4147;Pfeffingen
4147;Duggingen
4148;Pfeffingen
4153;Aesch (BL)
4153;Münchenstein
4153;Reinach (BL)
4153;Therwil
4202;Duggingen
4203;Duggingen
4203;Grellingen
4204;Himmelried
4206;Seewen
4207;Bretzwil
4208;Nunningen
4222;Zwingen
4223;Blauen
4224;Nenzlingen
4225;Brislach
4226;Breitenbach
4227;Büsserach
4228;Erschwil
4229;Mümliswil-Ramiswil
4229;Beinwil (SO)
4229;Lauwil
4232;Fehren
4233;Meltingen
4234;Zullwil
4242;Brislach
4242;Laufen
4242;Zwingen
4243;Dittingen
4244;Röschenz
4245;Kleinlützel
4245;Roggenburg
4246;Laufen
4246;Wahlen
4247;Grindel
4252;Bärschwil
4252;Laufen
4253;Bärschwil
4253;Liesberg
4254;Liesberg
4302;Augst
4302;Pratteln
4303;Augst
4303;Giebenach
4303;Kaiseraugst
4304;Giebenach
4305;Arisdorf
4305;Magden
4305;Olsberg
4310;Rheinfelden
4312;Magden
4313;Möhlin
4313;Rheinfelden
4314;Zeiningen
4315;Zeiningen
4315;Zuzgen
4316;Hellikon
4317;Wegenstetten
4322;Mumpf
4323;Wallbach
4323;Zeiningen
4324;Obermumpf
4325;Schupfart
4332;Stein (AG)
4333;Münchwilen (AG)
4334;Sisseln
4402;Frenkendorf
4402;Pratteln
4410;Bubendorf
4410;Liestal
4411;Seltisberg
4412;Nuglar-St. Pantaleon
4412;Seltisberg
4413;Büren (SO)
4414;Füllinsdorf
4415;Lausen
4415;Liestal
4416;Bubendorf
4417;Ziefen
4418;Mümliswil-Ramiswil
4418;Lauwil
4418;Reigoldswil
4418;Waldenburg
4419;Lupsingen
4421;Nuglar-St. Pantaleon
4422;Arisdorf
4422;Liestal
4423;Hersberg
4424;Arboldswil
4424;Niederdorf
4425;Arboldswil
4425;Titterten
4426;Lauwil
4431;Bennwil
4431;Niederdorf
4432;Lampenberg
4433;Ramlinsburg
4434;Bennwil
4434;Hölstein
4435;Niederdorf
4435;Oberdorf (BL)
4436;Liedertswil
4436;Niederdorf
4436;Oberdorf (BL)
4437;Oberdorf (BL)
4437;Waldenburg
4438;Holderbank (SO)
4438;Hägendorf
4438;Langenbruck
4438;Waldenburg
4441;Thürnen
4442;Diepflingen
4442;Wittinsburg
4443;Tenniken
4443;Wittinsburg
4444;Buckten
4444;Gelterkinden
4444;Rümlingen
4444;Wittinsburg
4445;Buckten
4445;Häfelfingen
4446;Buckten
4446;Läufelfingen
4447;Buckten
4447;Känerkinden
4447;Diegten
4448;Häfelfingen
4448;Läufelfingen
4448;Diegten
4450;Böckten
4450;Itingen
4450;Sissach
4450;Thürnen
4451;Maisprach
4451;Wintersingen
4452;Itingen
4453;Nusshof
4455;Zunzgen
4456;Tenniken
4456;Diegten
4457;Bennwil
4457;Diegten
4457;Hölstein
4458;Läufelfingen
4458;Eptingen
4460;Gelterkinden
4460;Ormalingen
4461;Böckten
4462;Buus
4462;Rickenbach (BL)
4463;Buus
4464;Maisprach
4465;Hemmiken
4465;Ormalingen
4465;Hellikon
4466;Hemmiken
4466;Ormalingen
4467;Rothenfluh
4468;Kienberg
4469;Anwil
4492;Tecknau
4492;Wenslingen
4493;Kilchberg (BL)
4493;Oltingen
4493;Wenslingen
4494;Oltingen
4495;Wenslingen
4495;Zeglingen
4496;Kilchberg (BL)
4497;Rünenberg
4500;Biberist
4500;Bellach
4500;Langendorf
4500;Rüttenen
4500;Solothurn
4512;Bellach
4512;Lommiswil
4513;Langendorf
4514;Lommiswil
4515;Oberdorf (SO)
4522;Oberdorf (SO)
4522;Rüttenen
4523;Riedholz
4524;Balm bei Günsberg
4524;Günsberg
4525;Balm bei Günsberg
4528;Biberist
4528;Zuchwil
4532;Feldbrunnen-St. Niklaus
4532;Rüttenen
4533;Riedholz
4534;Flumenthal
4535;Hubersdorf
4535;Kammersrohr
4536;Attiswil
4536;Wangen an der Aare
4537;Wiedlisbach
4538;Oberbipp
4539;Farnern
4539;Rumisberg
4542;Deitingen
4542;Luterbach
4543;Deitingen
4552;Derendingen
4552;Luterbach
4553;Subingen
4554;Etziken
4554;Hüniken
4556;Niederönz
4556;Aeschi (SO)
4556;Bolken
4557;Horriwil
4558;Drei Höfe
4562;Biberist
4563;Gerlafingen
4563;Obergerlafingen
4564;Zielebach
4564;Obergerlafingen
4565;Recherswil
4566;Halten
4566;Kriegstetten
4566;Oekingen
4571;Lüterkofen-Ichertswil
4573;Bätterkinden
4573;Lohn-Ammannsegg
4574;Lüsslingen-Nennigkofen
4574;Biberist
4574;Selzach
4576;Buchegg
4577;Buchegg
4578;Buchegg
4579;Buchegg
4581;Buchegg
4582;Buchegg
4583;Buchegg
4584;Lüterswil-Gächliwil
4585;Biezwil
4586;Buchegg
4587;Buchegg
4588;Messen
4588;Unterramsern
4588;Buchegg
4600;Trimbach
4600;Olten
4600;Starrkirch-Wil
4612;Wangen bei Olten
4613;Rickenbach (SO)
4614;Gunzgen
4614;Hägendorf
4615;Hägendorf
4616;Kappel (SO)
4617;Gunzgen
4618;Boningen
4618;Kappel (SO)
4622;Egerkingen
4622;Hägendorf
4623;Neuendorf
4624;Härkingen
4625;Oberbuchsiten
4626;Niederbuchsiten
4628;Wolfwil
4629;Fulenbach
4632;Trimbach
4633;Hauenstein-Ifenthal
4634;Trimbach
4634;Wisen (SO)
4634;Läufelfingen
4652;Winznau
4653;Obergösgen
4654;Lostorf
4655;Rohr (SO)
4655;Stüsslingen
4656;Starrkirch-Wil
4657;Dulliken
4657;Starrkirch-Wil
4658;Däniken
4658;Gretzenbach
4663;Olten
4663;Aarburg
4665;Oftringen
4702;Oensingen
4703;Kestenholz
4704;Niederbipp
4704;Wolfisberg
4710;Balsthal
4710;Laupersdorf
4712;Laupersdorf
4713;Matzendorf
4714;Aedermannsdorf
4715;Herbetswil
4716;Crémines
4716;Gänsbrunnen
4716;Welschenrohr
4717;Aedermannsdorf
4717;Balsthal
4717;Laupersdorf
4717;Mümliswil-Ramiswil
4718;Oberbuchsiten
4718;Holderbank (SO)
4719;Aedermannsdorf
4719;Mümliswil-Ramiswil
4719;Lauwil
4800;Zofingen
4802;Rothrist
4802;Strengelbach
4803;Brittnau
4803;Vordemwald
4805;Brittnau
4806;Wikon
4812;Uerkheim
4812;Zofingen
4813;Bottenwil
4813;Kölliken
4813;Uerkheim
4814;Bottenwil
4852;Rothrist
4852;Vordemwald
4853;Wynau
4853;Murgenthal
4856;Murgenthal
4900;Langenthal
4911;Schwarzhäusern
4912;Aarwangen
4912;Bannwil
4913;Bannwil
4914;Roggwil (BE)
4914;Murgenthal
4915;Pfaffnau
4915;Murgenthal
4916;Langenthal
4917;Busswil bei Melchnau
4917;Melchnau
4919;Madiswil
4919;Reisiswil
4922;Aarwangen
4922;Thunstetten
4923;Wynau
4924;Langenthal
4924;Obersteckholz
4932;Lotzwil
4932;Madiswil
4933;Rütschelen
4934;Madiswil
4935;Madiswil
4936;Madiswil
4936;Ursenbach
4937;Ursenbach
4938;Auswil
4938;Rohrbach
4938;Rohrbachgraben
4938;Huttwil
4942;Ursenbach
4942;Dürrenroth
4942;Walterswil (BE)
4943;Oeschenbach
4943;Ursenbach
4943;Walterswil (BE)
4943;Seeberg
4944;Auswil
4950;Huttwil
4952;Eriswil
4952;Huttwil
4952;Sumiswald
4952;Luthern
4952;Ufhusen
4953;Huttwil
4953;Wyssachen
4954;Sumiswald
4954;Wyssachen
4955;Gondiswil
4955;Ufhusen
5000;Aarau
5004;Aarau
5012;Eppenberg-Wöschnau
5012;Schönenwerd
5013;Niedergösgen
5014;Gretzenbach
5015;Erlinsbach (SO)
5017;Erlinsbach (SO)
5017;Erlinsbach (AG)
5018;Erlinsbach (AG)
5022;Küttigen
5023;Biberstein
5024;Küttigen
5025;Densbüren
5026;Densbüren
5026;Wölflinswil
5027;Herznach
5028;Ueken
5032;Aarau
5033;Buchs (AG)
5033;Suhr
5034;Suhr
5035;Unterentfelden
5036;Oberentfelden
5037;Muhen
5040;Schöftland
5042;Hirschthal
5043;Holziken
5044;Schlossrued
5046;Gontenschwil
5046;Schmiedrued
5053;Staffelbach
5054;Kirchleerau
5054;Moosleerau
5056;Attelwil
5057;Reitnau
5058;Wiliberg
5062;Oberhof
5063;Wölflinswil
5064;Wittnau
5070;Frick
5072;Oeschgen
5073;Gipf-Oberfrick
5074;Eiken
5075;Hornussen
5076;Bözen
5077;Elfingen
5078;Effingen
5079;Effingen
5079;Zeihen
5080;Kaisten
5080;Laufenburg
5082;Kaisten
5083;Kaisten
5084;Laufenburg
5085;Laufenburg
5102;Rupperswil
5103;Möriken-Wildegg
5103;Niederlenz
5103;Rupperswil
5105;Auenstein
5106;Veltheim (AG)
5107;Schinznach
5108;Schinznach
5112;Thalheim (AG)
5113;Holderbank (AG)
5116;Schinznach-Bad
5200;Brugg
5200;Rüfenach
5210;Brugg
5210;Hausen (AG)
5210;Windisch
5212;Hausen (AG)
5213;Villnachern
5222;Brugg
5223;Riniken
5225;Bözberg
5233;Villigen
5234;Villigen
5235;Remigen
5235;Rüfenach
5236;Remigen
5236;Bözberg
5237;Mönthal
5237;Bözberg
5242;Birr
5242;Lupfig
5243;Mülligen
5244;Birrhard
5245;Habsburg
5246;Scherz
5272;Gansingen
5273;Mettauertal
5274;Mettauertal
5275;Mettauertal
5276;Mettauertal
5277;Mettauertal
5300;Turgi
5300;Untersiggenthal
5301;Untersiggenthal
5303;Würenlingen
5304;Endingen
5305;Endingen
5306;Tegerfelden
5312;Döttingen
5313;Klingnau
5314;Böttstein
5315;Böttstein
5316;Leuggern
5317;Leuggern
5318;Mandach
5322;Klingnau
5322;Koblenz
5323;Rietheim
5324;Full-Reuenthal
5325;Leibstadt
5326;Schwaderloch
5326;Mettauertal
5330;Bad Zurzach
5332;Rekingen (AG)
5333;Baldingen
5334;Böbikon
5400;Baden
5404;Baden
5405;Baden
5406;Baden
5406;Birmenstorf (AG)
5408;Ennetbaden
5412;Gebenstorf
5413;Birmenstorf (AG)
5415;Obersiggenthal
5416;Obersiggenthal
5416;Untersiggenthal
5417;Untersiggenthal
5420;Ehrendingen
5423;Freienwil
5425;Schneisingen
5426;Lengnau (AG)
5430;Wettingen
5430;Würenlos
5432;Neuenhof
5436;Würenlos
5442;Fislisbach
5443;Niederrohrdorf
5444;Künten
5445;Eggenwil
5452;Oberrohrdorf
5453;Remetschwil
5454;Bellikon
5462;Oberweningen
5462;Siglistorf
5463;Wislikofen
5464;Rümikon
5465;Mellikon
5466;Kaiserstuhl
5467;Fisibach
5502;Hunzenschwil
5503;Schafisheim
5504;Othmarsingen
5505;Brunegg
5506;Mägenwil
5506;Wohlenschwil
5507;Mellingen
5512;Wohlenschwil
5522;Hägglingen
5522;Tägerig
5524;Niederwil (AG)
5525;Fischbach-Göslikon
5600;Ammerswil
5600;Lenzburg
5603;Staufen
5604;Hendschiken
5604;Othmarsingen
5605;Dottikon
5605;Villmergen
5606;Dintikon
5607;Hägglingen
5608;Stetten (AG)
5610;Villmergen
5610;Wohlen (AG)
5611;Villmergen
5611;Wohlen (AG)
5612;Villmergen
5613;Villmergen
5614;Sarmenstorf
5615;Fahrwangen
5615;Meisterschwanden
5616;Meisterschwanden
5617;Meisterschwanden
5618;Sarmenstorf
5618;Bettwil
5619;Büttikon
5619;Uezwil
5620;Bremgarten (AG)
5621;Berikon
5621;Zufikon
5622;Waltenschwil
5623;Boswil
5624;Boswil
5624;Bünzen
5625;Kallern
5626;Bremgarten (AG)
5627;Besenbüren
5628;Aristau
5630;Aristau
5630;Boswil
5630;Muri (AG)
5632;Bettwil
5632;Boswil
5632;Buttwil
5634;Merenschwand
5636;Merenschwand
5637;Auw
5637;Beinwil (Freiamt)
5637;Geltwil
5642;Hünenberg
5642;Auw
5642;Mühlau
5643;Auw
5643;Sins
5644;Auw
5644;Sins
5645;Sins
5646;Abtwil
5647;Oberrüti
5702;Niederlenz
5703;Egliswil
5703;Seon
5704;Egliswil
5705;Hallwil
5706;Boniswil
5706;Hallwil
5707;Seengen
5708;Birrwil
5712;Beinwil am See
5722;Gränichen
5722;Unterkulm
5723;Gränichen
5723;Teufenthal (AG)
5723;Unterkulm
5724;Dürrenäsch
5724;Teufenthal (AG)
5725;Leutwil
5726;Unterkulm
5727;Oberkulm
5728;Gontenschwil
5732;Zetzwil
5733;Leimbach (AG)
5734;Reinach (AG)
5735;Rickenbach (LU)
5736;Burg (AG)
5737;Menziken
5742;Kölliken
5745;Safenwil
5746;Dulliken
5746;Walterswil (SO)
6000;Luzern
6003;Luzern
6004;Ebikon
6004;Luzern
6005;Horw
6005;Kriens
6005;Luzern
6006;Ebikon
6006;Luzern
6006;Meggen
6010;Kriens
6010;Hergiswil (NW)
6012;Kriens
6013;Kriens
6013;Schwarzenberg
6013;Hergiswil (NW)
6014;Luzern
6014;Malters
6015;Luzern
6016;Luzern
6016;Malters
6016;Neuenkirch
6016;Ruswil
6017;Ruswil
6018;Buttisholz
6018;Oberkirch
6018;Ruswil
6019;Malters
6019;Ruswil
6020;Emmen
6020;Ebikon
6020;Luzern
6022;Buttisholz
6022;Grosswangen
6023;Rothenburg
6023;Neuenkirch
6024;Hildisrieden
6025;Beromünster
6026;Eschenbach (LU)
6026;Rain
6026;Römerswil
6026;Rothenburg
6027;Römerswil
6028;Römerswil
6028;Beromünster
6030;Adligenswil
6030;Buchrain
6030;Ebikon
6032;Emmen
6032;Ebikon
6033;Buchrain
6034;Ballwil
6034;Eschenbach (LU)
6034;Inwil
6034;Dietwil
6034;Sins
6035;Buchrain
6035;Root
6036;Dierikon
6037;Root
6038;Inwil
6038;Gisikon
6038;Honau
6038;Root
6039;Root
6042;Dietwil
6043;Adligenswil
6044;Root
6044;Udligenswil
6045;Meggen
6047;Horw
6048;Horw
6048;Kriens
6052;Horw
6052;Hergiswil (NW)
6053;Alpnach
6055;Alpnach
6056;Sarnen
6060;Sarnen
6062;Sarnen
6063;Sarnen
6064;Kerns
6066;Kerns
6067;Kerns
6067;Sachseln
6068;Kerns
6072;Sachseln
6073;Sachseln
6074;Giswil
6074;Sachseln
6078;Lungern
6083;Hasliberg
6084;Hasliberg
6085;Hasliberg
6086;Hasliberg
6102;Malters
6103;Malters
6103;Schwarzenberg
6105;Entlebuch
6105;Werthenstein
6105;Malters
6105;Ruswil
6106;Werthenstein
6106;Ruswil
6110;Doppleschwand
6110;Entlebuch
6110;Romoos
6110;Werthenstein
6110;Ruswil
6110;Wolhusen
6110;Menznau
6112;Doppleschwand
6113;Romoos
6114;Wolhusen
6122;Wolhusen
6122;Menznau
6122;Willisau
6123;Menznau
6125;Hergiswil bei Willisau
6125;Menznau
6125;Willisau
6126;Willisau
6130;Hergiswil bei Willisau
6130;Menznau
6130;Willisau
6132;Hergiswil bei Willisau
6132;Willisau
6133;Hergiswil bei Willisau
6133;Menznau
6133;Willisau
6142;Gettnau
6143;Gettnau
6143;Schötz
6144;Ebersecken
6144;Zell (LU)
6144;Willisau
6145;Fischbach
6146;Melchnau
6146;Grossdietwil
6147;Melchnau
6147;Altbüron
6147;Grossdietwil
6147;Pfaffnau
6152;Fischbach
6152;Zell (LU)
6153;Luthern
6153;Ufhusen
6153;Zell (LU)
6154;Luthern
6154;Willisau
6156;Hergiswil bei Willisau
6156;Luthern
6156;Willisau
6162;Entlebuch
6162;Hasle (LU)
6163;Entlebuch
6166;Entlebuch
6166;Hasle (LU)
6166;Romoos
6167;Romoos
6170;Flühli
6170;Romoos
6170;Schüpfheim
6170;Escholzmatt-Marbach
6173;Flühli
6173;Escholzmatt-Marbach
6174;Flühli
6182;Escholzmatt-Marbach
6192;Flühli
6192;Escholzmatt-Marbach
6196;Escholzmatt-Marbach
6197;Eggiwil
6197;Schangnau
6197;Eriz
6197;Flühli
6197;Escholzmatt-Marbach
6203;Neuenkirch
6204;Neuenkirch
6204;Sempach
6205;Eich
6206;Emmen
6206;Rothenburg
6206;Neuenkirch
6206;Ruswil
6207;Neuenkirch
6207;Nottwil
6207;Oberkirch
6207;Ruswil
6208;Oberkirch
6210;Mauensee
6210;Oberkirch
6210;Schenkon
6210;Sursee
6211;Dagmersellen
6212;Knutwil
6212;Mauensee
6213;Knutwil
6213;Triengen
6214;Eich
6214;Schenkon
6215;Beromünster
6216;Mauensee
6216;Oberkirch
6217;Ettiswil
6218;Ettiswil
6221;Beromünster
6221;Rickenbach (LU)
6222;Beromünster
6222;Schenkon
6231;Schlierbach
6232;Geuensee
6233;Büron
6234;Triengen
6235;Triengen
6235;Dagmersellen
6236;Triengen
6242;Mauensee
6242;Egolzwil
6242;Wauwil
6243;Egolzwil
6244;Altishofen
6244;Ebersecken
6244;Egolzwil
6244;Nebikon
6245;Ebersecken
6245;Grossdietwil
6246;Altishofen
6246;Dagmersellen
6247;Ebersecken
6247;Schötz
6248;Alberswil
6248;Willisau
6252;Dagmersellen
6252;Reiden
6253;Dagmersellen
6260;Dagmersellen
6260;Reiden
6260;Wikon
6262;Reiden
6263;Altishofen
6263;Reiden
6264;Pfaffnau
6264;Brittnau
6265;Pfaffnau
6265;Roggliswil
6274;Ballwil
6274;Eschenbach (LU)
6274;Hochdorf
6275;Ballwil
6275;Hochdorf
6275;Hohenrain
6275;Sins
6276;Hohenrain
6277;Hohenrain
6277;Auw
6280;Hochdorf
6280;Hohenrain
6280;Römerswil
6283;Hochdorf
6283;Hohenrain
6283;Römerswil
6284;Hitzkirch
6285;Hitzkirch
6286;Altwis
6287;Aesch (LU)
6287;Schongau
6288;Hitzkirch
6288;Schongau
6289;Hitzkirch
6294;Ermensee
6295;Hitzkirch
6300;Baar
6300;Steinhausen
6300;Zug
6312;Baar
6312;Steinhausen
6313;Menzingen
6313;Neuheim
6314;Baar
6314;Menzingen
6314;Oberägeri
6314;Unterägeri
6314;Zug
6315;Menzingen
6315;Oberägeri
6315;Unterägeri
6317;Zug
6318;Arth
6318;Walchwil
6318;Zug
6319;Baar
6330;Cham
6330;Steinhausen
6330;Zug
6331;Cham
6331;Hünenberg
6332;Cham
6332;Hünenberg
6333;Hünenberg
6340;Hausen am Albis
6340;Baar
6340;Neuheim
6343;Risch
6344;Meierskappel
6345;Baar
6345;Neuheim
6353;Weggis
6354;Vitznau
6354;Weggis
6354;Gersau
6356;Vitznau
6356;Weggis
6356;Arth
6362;Ennetmoos
6362;Stansstad
6363;Ennetbürgen
6363;Stansstad
6365;Stansstad
6370;Oberdorf (NW)
6370;Stans
6372;Ennetmoos
6373;Ennetbürgen
6374;Buochs
6374;Ennetbürgen
6374;Oberdorf (NW)
6375;Beckenried
6376;Beckenried
6376;Emmetten
6377;Seelisberg
6377;Emmetten
6382;Oberdorf (NW)
6383;Dallenwil
6383;Oberdorf (NW)
6383;Wolfenschiessen
6386;Dallenwil
6386;Wolfenschiessen
6387;Wolfenschiessen
6388;Engelberg
6388;Wolfenschiessen
6390;Attinghausen
6390;Engelberg
6390;Wolfenschiessen
6402;Küssnacht (SZ)
6403;Küssnacht (SZ)
6404;Greppen
6405;Küssnacht (SZ)
6410;Gersau
6410;Arth
6414;Arth
6415;Arth
6416;Arth
6416;Steinerberg
6417;Sattel
6417;Schwyz
6417;Oberägeri
6418;Rothenthurm
6418;Sattel
6418;Oberägeri
6422;Steinen
6423;Ingenbohl
6423;Schwyz
6424;Lauerz
6430;Alpthal
6430;Schwyz
6432;Alpthal
6432;Schwyz
6433;Morschach
6433;Muotathal
6434;Illgau
6436;Muotathal
6438;Schwyz
6440;Ingenbohl
6440;Morschach
6441;Seelisberg
6442;Gersau
6443;Morschach
6452;Sisikon
6452;Morschach
6452;Riemenstalden
6454;Flüelen
6460;Altdorf (UR)
6460;Bürglen (UR)
6460;Flüelen
6461;Isenthal
6462;Seedorf (UR)
6463;Bürglen (UR)
6464;Bürglen (UR)
6464;Spiringen
6465;Unterschächen
6466;Bauen
6467;Schattdorf
6468;Attinghausen
6469;Bürglen (UR)
6469;Schattdorf
6472;Erstfeld
6473;Gurtnellen
6473;Silenen
6474;Gurtnellen
6474;Silenen
6475;Silenen
6476;Gurtnellen
6476;Silenen
6482;Gurtnellen
6482;Wassen
6484;Wassen
6485;Wassen
6487;Göschenen
6490;Andermatt
6491;Realp
6493;Hospental
6500;Arbedo-Castione
6500;Bellinzona
6500;Giubiasco
6503;Bellinzona
6512;Giubiasco
6513;Monte Carasso
6514;Sementina
6515;Gudo
6515;Sant'Antonino
6516;Locarno
6516;Cugnasco-Gerra
6517;Arbedo-Castione
6518;Gorduno
6523;Preonzo
6524;Moleno
6525;Gnosca
6526;Lodrino
6527;Lodrino
6528;Camorino
6528;Sant'Antonino
6528;Gambarogno
6532;Arbedo-Castione
6532;Lumino
6533;Lumino
6534;San Vittore
6535;Roveredo (GR)
6537;Castaneda
6537;Grono
6538;Verdabbio
6540;Castaneda
6541;Santa Maria in Calanca
6542;Buseno
6543;Calanca
6544;Calanca
6545;Calanca
6546;Rossa
6546;Calanca
6547;Rossa
6548;Rossa
6549;Roveredo (GR)
6556;Leggia
6557;Cama
6557;Verdabbio
6558;Lostallo
6562;Soazza
6563;Mesocco
6565;Mesocco
6571;Gambarogno
6572;Locarno
6572;Gambarogno
6573;Gambarogno
6574;Gambarogno
6575;Gambarogno
6576;Gambarogno
6577;Gambarogno
6578;Gambarogno
6579;Gambarogno
6582;Bellinzona
6582;Pianezzo
6583;Sant'Antonio
6584;Sant'Antonio
6592;Giubiasco
6592;Sant'Antonino
6593;Cadenazzo
6593;Sant'Antonino
6594;Locarno
6594;Cugnasco-Gerra
6594;Gambarogno
6595;Lavertezzo
6595;Locarno
6595;Cugnasco-Gerra
6596;Gordola
6596;Locarno
6597;Cugnasco-Gerra
6598;Minusio
6598;Tenero-Contra
6599;Cadenazzo
6600;Locarno
6600;Minusio
6600;Muralto
6600;Orselina
6605;Locarno
6605;Orselina
6611;Gresso
6611;Mosogno
6611;Onsernone
6612;Ascona
6612;Locarno
6613;Ronco sopra Ascona
6614;Brissago
6616;Losone
6618;Losone
6618;Ronco sopra Ascona
6622;Ronco sopra Ascona
6631;Corippo
6632;Vogorno
6633;Lavertezzo
6634;Brione (Verzasca)
6635;Cugnasco-Gerra
6636;Frasco
6637;Sonogno
6644;Minusio
6644;Orselina
6645;Brione sopra Minusio
6645;Minusio
6646;Brione sopra Minusio
6646;Minusio
6646;Tenero-Contra
6647;Mergoscia
6648;Minusio
6652;Locarno
6652;Terre di Pedemonte
6653;Terre di Pedemonte
6654;Terre di Pedemonte
6655;Centovalli
6656;Centovalli
6657;Centovalli
6658;Centovalli
6659;Centovalli
6661;Isorno
6662;Onsernone
6663;Onsernone
6664;Vergeletto
6670;Avegno Gordevio
6672;Avegno Gordevio
6673;Maggia
6674;Maggia
6675;Cevio
6676;Cevio
6677;Maggia
6678;Maggia
6682;Linescio
6683;Campo (Vallemaggia)
6683;Cerentino
6684;Campo (Vallemaggia)
6685;Bosco/Gurin
6690;Cevio
6692;Lavizzara
6693;Lavizzara
6694;Lavizzara
6695;Lavizzara
6696;Lavizzara
6702;Claro
6703;Osogna
6705;Cresciano
6707;Iragna
6710;Biasca
6713;Serravalle
6714;Serravalle
6715;Acquarossa
6716;Acquarossa
6717;Blenio
6718;Blenio
6719;Blenio
6720;Blenio
6721;Acquarossa
6721;Serravalle
6722;Acquarossa
6723;Acquarossa
6724;Acquarossa
6742;Pollegio
6743;Bodio
6744;Personico
6745;Giornico
6746;Faido
6747;Faido
6748;Faido
6749;Faido
6749;Sobrio
6760;Faido
6763;Faido
6764;Faido
6772;Prato (Leventina)
6773;Prato (Leventina)
6774;Dalpe
6775;Quinto
6776;Quinto
6777;Quinto
6780;Airolo
6781;Bedretto
6802;Monteceneri
6803;Monteceneri
6804;Monteceneri
6805;Mezzovico-Vira
6806;Monteceneri
6807;Torricella-Taverne
6808;Torricella-Taverne
6809;Monteceneri
6810;Isone
6814;Cadempino
6814;Lamone
6815;Melide
6816;Bissone
6817;Maroggia
6818;Melano
6821;Rovio
6822;Arogno
6823;Arogno
6823;Lugano
6825;Castel San Pietro
6825;Mendrisio
6826;Riva San Vitale
6827;Brusino Arsizio
6828;Balerna
6828;Coldrerio
6830;Chiasso
6832;Chiasso
6833;Morbio Inferiore
6833;Vacallo
6834;Morbio Inferiore
6835;Morbio Inferiore
6835;Breggia
6837;Breggia
6838;Breggia
6839;Breggia
6850;Castel San Pietro
6850;Mendrisio
6852;Mendrisio
6852;Novazzano
6853;Mendrisio
6853;Stabio
6854;Stabio
6855;Stabio
6862;Mendrisio
6863;Mendrisio
6864;Mendrisio
6865;Mendrisio
6866;Mendrisio
6867;Brusino Arsizio
6872;Castel San Pietro
6872;Mendrisio
6873;Castel San Pietro
6874;Castel San Pietro
6875;Castel San Pietro
6877;Castel San Pietro
6877;Coldrerio
6883;Novazzano
6900;Lugano
6900;Massagno
6900;Paradiso
6912;Lugano
6913;Lugano
6914;Lugano
6915;Lugano
6915;Collina d'Oro
6916;Grancia
6916;Lugano
6917;Lugano
6918;Lugano
6918;Morcote
6919;Collina d'Oro
6921;Vico Morcote
6922;Morcote
6924;Lugano
6924;Sorengo
6925;Lugano
6925;Collina d'Oro
6926;Collina d'Oro
6927;Collina d'Oro
6928;Bioggio
6928;Manno
6929;Gravesano
6930;Bedano
6932;Lugano
6932;Muzzano
6933;Bioggio
6933;Lugano
6933;Muzzano
6934;Agno
6934;Bioggio
6934;Cademario
6934;Manno
6935;Bioggio
6936;Cademario
6937;Alto Malcantone
6938;Alto Malcantone
6939;Alto Malcantone
6942;Porza
6942;Savosa
6943;Vezia
6944;Comano
6944;Cureglia
6945;Origlio
6945;Ponte Capriasca
6946;Ponte Capriasca
6947;Capriasca
6948;Porza
6948;Savosa
6949;Comano
6950;Capriasca
6951;Lugano
6951;Capriasca
6952;Canobbio
6952;Comano
6952;Porza
6953;Capriasca
6954;Capriasca
6955;Capriasca
6956;Capriasca
6957;Capriasca
6958;Capriasca
6959;Lugano
6960;Capriasca
6962;Lugano
6963;Cureglia
6963;Lugano
6964;Lugano
6965;Lugano
6966;Lugano
6967;Lugano
6968;Lugano
6974;Lugano
6976;Lugano
6977;Lugano
6978;Lugano
6979;Lugano
6980;Croglio
6981;Bedigliora
6981;Croglio
6981;Curio
6982;Agno
6982;Bioggio
6983;Magliaso
6983;Neggio
6984;Pura
6986;Curio
6986;Miglieglia
6986;Novaggio
6987;Caslano
6988;Ponte Tresa
6989;Croglio
6990;Agno
6990;Vernate
6991;Neggio
6992;Bioggio
6992;Cademario
6992;Vernate
6993;Bioggio
6993;Vernate
6994;Aranno
6995;Croglio
6995;Monteggio
6996;Monteggio
6997;Monteggio
6997;Sessa
6998;Monteggio
6999;Astano
7000;Chur
7000;Churwalden
7000;Trimmis
7012;Domat/Ems
7012;Felsberg
7013;Domat/Ems
7014;Trin
7015;Domat/Ems
7015;Tamins
7016;Trin
7017;Flims
7018;Flims
7019;Flims
7023;Haldenstein
7026;Maladers
7027;Arosa
7028;Arosa
7029;Arosa
7031;Laax
7032;Laax
7050;Arosa
7056;Arosa
7057;Arosa
7058;Arosa
7062;Chur
7062;Churwalden
7063;Tschiertschen-Praden
7064;Tschiertschen-Praden
7074;Churwalden
7075;Churwalden
7076;Vaz/Obervaz
7076;Churwalden
7077;Vaz/Obervaz
7078;Vaz/Obervaz
7082;Vaz/Obervaz
7083;Lantsch/Lenz
7084;Albula/Alvra
7104;Safiental
7104;Flims
7106;Safiental
7107;Safiental
7109;Safiental
7110;Lumnezia
7111;Ilanz/Glion
7112;Ilanz/Glion
7113;Lumnezia
7114;Lumnezia
7115;Lumnezia
7116;Vals
7116;Lumnezia
7122;Safiental
7126;Ilanz/Glion
7127;Ilanz/Glion
7128;Ilanz/Glion
7130;Ilanz/Glion
7132;Vals
7134;Breil/Brigels
7134;Obersaxen Mundaun
7137;Obersaxen Mundaun
7138;Obersaxen Mundaun
7141;Ilanz/Glion
7142;Lumnezia
7143;Lumnezia
7144;Lumnezia
7144;Ilanz/Glion
7145;Lumnezia
7146;Lumnezia
7147;Lumnezia
7148;Lumnezia
7149;Lumnezia
7151;Schluein
7152;Sagogn
7153;Falera
7154;Ilanz/Glion
7155;Ilanz/Glion
7156;Ilanz/Glion
7157;Ilanz/Glion
7158;Waltensburg/Vuorz
7159;Andiast
7162;Breil/Brigels
7163;Breil/Brigels
7164;Breil/Brigels
7165;Breil/Brigels
7166;Trun
7167;Trun
7168;Trun
7172;Sumvitg
7172;Trun
7173;Sumvitg
7174;Sumvitg
7175;Sumvitg
7176;Sumvitg
7180;Disentis/Mustér
7182;Disentis/Mustér
7183;Disentis/Mustér
7184;Medel (Lucmagn)
7185;Medel (Lucmagn)
7186;Disentis/Mustér
7187;Tujetsch
7188;Tujetsch
7189;Tujetsch
7201;Zizers
7202;Trimmis
7203;Trimmis
7204;Untervaz
7204;Landquart
7205;Zizers
7206;Landquart
7208;Malans
7212;Seewis im Prättigau
7213;Grüsch
7214;Grüsch
7214;Schiers
7215;Grüsch
7215;Seewis im Prättigau
7220;Schiers
7222;Luzein
7222;Schiers
7223;Luzein
7224;Luzein
7226;Luzein
7226;Schiers
7228;Schiers
7231;Jenaz
7232;Furna
7232;Jenaz
7233;Jenaz
7235;Fideris
7240;Küblis
7240;Luzein
7241;Conters im Prättigau
7242;Luzein
7243;Luzein
7244;Luzein
7245;Luzein
7246;Luzein
7247;Klosters-Serneus
7247;Küblis
7249;Klosters-Serneus
7249;Conters im Prättigau
7250;Klosters-Serneus
7252;Klosters-Serneus
7260;Davos
7265;Davos
7265;Klosters-Serneus
7270;Davos
7272;Davos
7276;Davos
7277;Davos
7278;Davos
7302;Maienfeld
7302;Landquart
7303;Landquart
7304;Fläsch
7304;Maienfeld
7306;Fläsch
7307;Jenins
7310;Bad Ragaz
7312;Pfäfers
7313;Pfäfers
7313;Landquart
7314;Pfäfers
7315;Pfäfers
7315;Tamins
7317;Bad Ragaz
7317;Pfäfers
7320;Sargans
7323;Vilters-Wangs
7324;Vilters-Wangs
7325;Mels
7326;Mels
7402;Safiental
7402;Bonaduz
7403;Rhäzüns
7404;Domleschg
7405;Rothenbrunnen
7405;Cazis
7407;Domleschg
7408;Cazis
7411;Sils im Domleschg
7412;Scharans
7413;Fürstenau
7413;Scharans
7414;Fürstenau
7415;Cazis
7415;Domleschg
7416;Domleschg
7417;Domleschg
7418;Domleschg
7419;Domleschg
7421;Cazis
7421;Masein
7422;Cazis
7423;Cazis
7424;Cazis
7425;Masein
7426;Flerden
7427;Urmein
7428;Tschappina
7430;Thusis
7430;Rongellen
7431;Mutten
7432;Zillis-Reischen
7433;Casti-Wergenstein
7433;Donat
7433;Lohn (GR)
7433;Mathon
7434;Sufers
7435;Splügen
7436;Splügen
7437;Nufenen
7438;Hinterrhein
7440;Andeer
7442;Andeer
7443;Andeer
7444;Ferrera
7445;Ferrera
7446;Avers
7447;Avers
7448;Avers
7450;Vaz/Obervaz
7450;Albula/Alvra
7451;Albula/Alvra
7452;Surses
7453;Surses
7454;Surses
7455;Surses
7456;Surses
7457;Surses
7458;Albula/Alvra
7459;Albula/Alvra
7460;Surses
7462;Surses
7463;Surses
7464;Surses
7472;Albula/Alvra
7473;Albula/Alvra
7477;Filisur
7482;Bergün/Bravuogn
7484;Bergün/Bravuogn
7492;Albula/Alvra
7493;Schmitten (GR)
7494;Filisur
7494;Davos
7500;Celerina/Schlarigna
7500;St. Moritz
7502;Bever
7503;Samedan
7504;Celerina/Schlarigna
7504;Pontresina
7504;Samedan
7505;Celerina/Schlarigna
7512;St. Moritz
7512;Silvaplana
7513;Silvaplana
7514;Sils im Engadin/Segl
7515;Sils im Engadin/Segl
7516;Bregaglia
7517;Sils im Engadin/Segl
7522;La Punt-Chamues-ch
7523;Madulain
7524;Zuoz
7525;S-chanf
7526;S-chanf
7527;Zernez
7530;Zernez
7532;Val Müstair
7533;Val Müstair
7534;Val Müstair
7535;Val Müstair
7536;Val Müstair
7537;Val Müstair
7542;Zernez
7543;Zernez
7545;Scuol
7546;Scuol
7550;Scuol
7551;Scuol
7552;Scuol
7553;Scuol
7554;Scuol
7556;Valsot
7557;Valsot
7558;Valsot
7559;Valsot
7560;Valsot
7562;Samnaun
7563;Samnaun
7602;Bregaglia
7603;Bregaglia
7604;Bregaglia
7605;Bregaglia
7606;Bregaglia
7608;Bregaglia
7610;Bregaglia
7710;Poschiavo
7741;Poschiavo
7742;Poschiavo
7743;Brusio
7743;Poschiavo
7744;Brusio
7745;Poschiavo
7746;Poschiavo
7747;Brusio
7748;Brusio
8001;Zürich
8002;Zürich
8003;Zürich
8004;Zürich
8005;Zürich
8006;Zürich
8008;Zürich
8032;Zürich
8037;Zürich
8038;Zürich
8041;Zürich
8044;Dübendorf
8044;Zürich
8045;Zürich
8046;Zürich
8047;Zürich
8048;Zürich
8049;Zürich
8050;Zürich
8051;Dübendorf
8051;Zürich
8052;Opfikon
8052;Rümlang
8052;Zürich
8053;Zürich
8055;Zürich
8057;Zürich
8064;Zürich
8102;Oberengstringen
8103;Unterengstringen
8104;Weiningen (ZH)
8105;Regensdorf
8106;Regensdorf
8107;Buchs (ZH)
8107;Otelfingen
8108;Dällikon
8109;Würenlos
8112;Otelfingen
8113;Boppelsen
8114;Dänikon
8115;Hüttikon
8117;Fällanden
8118;Fällanden
8121;Fällanden
8122;Maur
8123;Maur
8124;Maur
8125;Zollikon
8125;Zürich
8126;Zumikon
8127;Küsnacht (ZH)
8127;Egg
8127;Maur
8132;Egg
8132;Maur
8133;Egg
8134;Adliswil
8134;Zürich
8135;Horgen
8135;Langnau am Albis
8136;Thalwil
8142;Birmensdorf (ZH)
8142;Uitikon
8142;Zürich
8143;Stallikon
8143;Uitikon
8143;Zürich
8152;Kloten
8152;Opfikon
8152;Rümlang
8152;Zürich
8153;Rümlang
8154;Oberglatt
8155;Niederhasli
8155;Steinmaur
8156;Niederhasli
8157;Dielsdorf
8158;Regensberg
8162;Neerach
8162;Steinmaur
8164;Bachs
8164;Neerach
8165;Oberweningen
8165;Schleinikon
8165;Schöfflisdorf
8166;Niederweningen
8172;Niederglatt
8173;Neerach
8174;Neerach
8174;Stadel
8175;Stadel
8180;Bülach
8180;Glattfelden
8180;Winkel
8181;Höri
8182;Hochfelden
8184;Bachenbülach
8185;Winkel
8187;Weiach
8192;Glattfelden
8192;Hochfelden
8193;Eglisau
8193;Glattfelden
8194;Hüntwangen
8195;Wasterkingen
8196;Wasterkingen
8196;Wil (ZH)
8197;Eglisau
8197;Rafz
8200;Neuhausen am Rheinfall
8200;Schaffhausen
8203;Schaffhausen
8207;Schaffhausen
8208;Schaffhausen
8212;Laufen-Uhwiesen
8212;Neuhausen am Rheinfall
8212;Schaffhausen
8213;Neunkirch
8214;Gächlingen
8215;Hallau
8216;Oberhallau
8217;Neunkirch
8217;Trasadingen
8217;Wilchingen
8218;Wilchingen
8219;Trasadingen
8222;Beringen
8222;Schaffhausen
8223;Neunkirch
8223;Beringen
8224;Löhningen
8224;Neunkirch
8225;Gächlingen
8225;Siblingen
8226;Gächlingen
8226;Beggingen
8226;Schleitheim
8228;Beggingen
8231;Schaffhausen
8232;Merishausen
8233;Bargen (SH)
8234;Stetten (SH)
8235;Lohn (SH)
8236;Büttenhardt
8236;Thayngen
8239;Dörflingen
8240;Thayngen
8241;Thayngen
8242;Thayngen
8243;Thayngen
8245;Feuerthalen
8246;Feuerthalen
8247;Flurlingen
8248;Laufen-Uhwiesen
8252;Diessenhofen
8252;Schlatt (TG)
8253;Diessenhofen
8254;Basadingen-Schlattingen
8255;Basadingen-Schlattingen
8259;Wagenhausen
8260;Stein am Rhein
8261;Hemishofen
8262;Ramsen
8263;Buch (SH)
8264;Eschenz
8264;Mammern
8265;Mammern
8266;Steckborn
8267;Berlingen
8268;Salenstein
8269;Salenstein
8272;Ermatingen
8273;Ermatingen
8274;Gottlieben
8274;Tägerwilen
8280;Bottighofen
8280;Kreuzlingen
8280;Tägerwilen
8302;Kloten
8303;Bassersdorf
8304;Wallisellen
8304;Dübendorf
8305;Dietlikon
8306;Wangen-Brüttisellen
8307;Volketswil
8307;Illnau-Effretikon
8308;Fehraltorf
8308;Weisslingen
8308;Illnau-Effretikon
8309;Kloten
8309;Nürensdorf
8310;Lindau
8310;Winterthur
8311;Brütten
8312;Lindau
8314;Illnau-Effretikon
8315;Lindau
8317;Lindau
8320;Fehraltorf
8322;Russikon
8322;Wildberg
8330;Pfäffikon
8331;Pfäffikon
8332;Russikon
8335;Hittnau
8340;Bäretswil
8340;Dürnten
8340;Hinwil
8340;Wetzikon (ZH)
8342;Hinwil
8344;Bäretswil
8345;Bäretswil
8345;Wetzikon (ZH)
8352;Elsau
8352;Winterthur
8353;Elgg
8354;Elgg
8354;Hofstetten (ZH)
8354;Schlatt (ZH)
8355;Elgg
8355;Aadorf
8356;Aadorf
8357;Aadorf
8360;Eschlikon
8360;Münchwilen (TG)
8362;Bichelsee-Balterswil
8363;Turbenthal
8363;Bichelsee-Balterswil
8370;Eschlikon
8370;Sirnach
8371;Sirnach
8372;Fischingen
8372;Sirnach
8374;Fischingen
8376;Kirchberg (SG)
8376;Mosnang
8376;Fischingen
8400;Winterthur
8404;Winterthur
8405;Schlatt (ZH)
8405;Winterthur
8406;Winterthur
8408;Winterthur
8409;Winterthur
8412;Neftenbach
8413;Neftenbach
8414;Buch am Irchel
8415;Berg am Irchel
8416;Flaach
8418;Schlatt (ZH)
8421;Dättlikon
8422;Pfungen
8424;Embrach
8425;Oberembrach
8426;Lufingen
8427;Freienstein-Teufen
8427;Rorbas
8428;Freienstein-Teufen
8428;Rorbas
8442;Hettlingen
8444;Henggart
8447;Dachsen
8447;Laufen-Uhwiesen
8450;Andelfingen
8451;Kleinandelfingen
8452;Adlikon
8453;Kleinandelfingen
8454;Buchberg
8455;Rüdlingen
8457;Humlikon
8458;Dorf
8459;Volken
8460;Marthalen
8461;Kleinandelfingen
8462;Rheinau
8463;Benken (ZH)
8464;Marthalen
8465;Trüllikon
8466;Ossingen
8466;Trüllikon
8467;Truttikon
8468;Oberstammheim
8468;Waltalingen
8471;Dägerlen
8472;Seuzach
8474;Dinhard
8475;Ossingen
8476;Unterstammheim
8476;Basadingen-Schlattingen
8477;Oberstammheim
8478;Thalheim an der Thur
8479;Altikon
8482;Winterthur
8482;Illnau-Effretikon
8483;Zell (ZH)
8483;Illnau-Effretikon
8484;Weisslingen
8486;Weisslingen
8486;Zell (ZH)
8487;Zell (ZH)
8488;Wildberg
8488;Turbenthal
8489;Wildberg
8492;Wila
8492;Wildberg
8492;Turbenthal
8493;Wila
8493;Bauma
8494;Fischenthal
8494;Bauma
8495;Turbenthal
8495;Fischingen
8496;Fischenthal
8496;Mosnang
8497;Fischenthal
8498;Bäretswil
8498;Fischenthal
8498;Hinwil
8499;Bauma
8499;Fischingen
8500;Hagenbuch
8500;Felben-Wellhausen
8500;Frauenfeld
8500;Gachnang
8500;Matzingen
8500;Thundorf
8505;Pfyn
8506;Herdern
8507;Homburg
8507;Mammern
8508;Homburg
8508;Pfyn
8512;Thundorf
8514;Affeltrangen
8514;Amlikon-Bissegg
8522;Aadorf
8523;Elgg
8523;Hagenbuch
8524;Uesslingen-Buch
8525;Oberstammheim
8525;Neunforn
8526;Neunforn
8532;Warth-Weiningen
8532;Herdern
8535;Herdern
8535;Hüttwilen
8536;Warth-Weiningen
8536;Herdern
8536;Hüttwilen
8537;Hüttwilen
8542;Winterthur
8542;Wiesendangen
8543;Wiesendangen
8544;Wiesendangen
8545;Rickenbach (ZH)
8545;Winterthur
8546;Wiesendangen
8546;Gachnang
8547;Gachnang
8548;Ellikon an der Thur
8552;Felben-Wellhausen
8552;Frauenfeld
8553;Hüttlingen
8554;Amlikon-Bissegg
8554;Wigoltingen
8555;Müllheim
8556;Wigoltingen
8558;Wäldi
8558;Raperswilen
8560;Märstetten
8560;Wigoltingen
8561;Märstetten
8564;Wäldi
8564;Wigoltingen
8565;Kemmental
8566;Kemmental
8570;Berg (TG)
8570;Weinfelden
8572;Berg (TG)
8573;Kemmental
8574;Lengwil
8575;Bürglen (TG)
8575;Bussnang
8575;Weinfelden
8576;Berg (TG)
8577;Kradolf-Schönenberg
8577;Schönholzerswilen
8580;Muolen
8580;Hefenhofen
8580;Salmsach
8580;Sommeri
8580;Amriswil
8581;Amriswil
8582;Dozwil
8582;Hefenhofen
8583;Sulgen
8584;Berg (TG)
8584;Bürglen (TG)
8585;Langrickenbach
8585;Birwinken
8586;Erlen
8586;Langrickenbach
8586;Birwinken
8587;Amriswil
8588;Zihlschlacht-Sitterdorf
8589;Zihlschlacht-Sitterdorf
8590;Romanshorn
8590;Uttwil
8592;Uttwil
8593;Kesswil
8594;Güttingen
8595;Altnau
8596;Münsterlingen
8597;Münsterlingen
8598;Bottighofen
8598;Kreuzlingen
8599;Salmsach
8600;Dietlikon
8600;Dübendorf
8600;Schwerzenbach
8602;Wangen-Brüttisellen
8603;Dübendorf
8603;Schwerzenbach
8604;Volketswil
8605;Volketswil
8606;Greifensee
8606;Uster
8607;Seegräben
8607;Mönchaltorf
8608;Bubikon
8608;Dürnten
8610;Uster
8614;Gossau (ZH)
8614;Uster
8615;Uster
8616;Uster
8617;Gossau (ZH)
8617;Mönchaltorf
8617;Uster
8618;Oetwil am See
8620;Wetzikon (ZH)
8623;Wetzikon (ZH)
8623;Pfäffikon
8624;Gossau (ZH)
8624;Wetzikon (ZH)
8625;Gossau (ZH)
8626;Gossau (ZH)
8627;Gossau (ZH)
8627;Grüningen
8627;Hombrechtikon
8630;Rüti (ZH)
8630;Rapperswil-Jona
8632;Dürnten
8633;Bubikon
8633;Rapperswil-Jona
8634;Hombrechtikon
8635;Dürnten
8636;Dürnten
8636;Wald (ZH)
8636;Eschenbach (SG)
8637;Wald (ZH)
8637;Eschenbach (SG)
8638;Eschenbach (SG)
8640;Freienbach
8640;Rapperswil-Jona
8645;Rapperswil-Jona
8646;Rapperswil-Jona
8700;Küsnacht (ZH)
8702;Zollikon
8703;Erlenbach (ZH)
8703;Herrliberg
8703;Küsnacht (ZH)
8704;Herrliberg
8706;Meilen
8707;Uetikon am See
8708;Männedorf
8712;Stäfa
8713;Stäfa
8714;Hombrechtikon
8714;Rapperswil-Jona
8715;Rapperswil-Jona
8716;Schmerikon
8717;Schübelbach
8717;Benken (SG)
8718;Schänis
8722;Kaltbrunn
8722;Schänis
8723;Kaltbrunn
8723;Schänis
8725;Gommiswald
8725;Eschenbach (SG)
8726;Gommiswald
8726;Wattwil
8727;Eschenbach (SG)
8730;Tuggen
8730;Schmerikon
8730;Uznach
8730;Gommiswald
8732;Eschenbach (SG)
8733;Eschenbach (SG)
8734;Rapperswil-Jona
8734;Eschenbach (SG)
8735;Eschenbach (SG)
8737;Kaltbrunn
8737;Gommiswald
8738;Kaltbrunn
8738;Gommiswald
8739;Kaltbrunn
8739;Gommiswald
8750;Muotathal
8750;Glarus
8751;Spiringen
8752;Glarus Nord
8753;Glarus Nord
8754;Glarus Nord
8754;Glarus
8755;Glarus Süd
8755;Glarus
8756;Glarus Süd
8757;Glarus Nord
8758;Glarus Nord
8762;Glarus Süd
8765;Glarus Süd
8766;Glarus Süd
8767;Glarus Süd
8772;Glarus Süd
8773;Glarus Süd
8774;Glarus Süd
8775;Glarus Süd
8777;Glarus Süd
8782;Glarus Süd
8783;Glarus Süd
8784;Glarus Süd
8800;Thalwil
8802;Kilchberg (ZH)
8803;Rüschlikon
8804;Wädenswil
8805;Richterswil
8806;Freienbach
8806;Wollerau
8807;Freienbach
8808;Freienbach
8810;Horgen
8815;Horgen
8816;Hirzel
8816;Horgen
8820;Wädenswil
8824;Schönenberg (ZH)
8825;Hütten
8825;Wollerau
8832;Feusisberg
8832;Freienbach
8832;Wollerau
8833;Richterswil
8833;Wollerau
8834;Feusisberg
8834;Wollerau
8835;Feusisberg
8836;Einsiedeln
8836;Feusisberg
8836;Oberägeri
8840;Einsiedeln
8841;Einsiedeln
8842;Oberiberg
8842;Schwyz
8842;Unteriberg
8843;Oberiberg
8843;Schwyz
8844;Einsiedeln
8844;Unteriberg
8845;Unteriberg
8846;Einsiedeln
8846;Altendorf
8847;Einsiedeln
8847;Feusisberg
8849;Alpthal
8849;Schwyz
8852;Altendorf
8853;Galgenen
8853;Lachen
8853;Wangen (SZ)
8854;Galgenen
8854;Schübelbach
8854;Wangen (SZ)
8855;Schübelbach
8855;Tuggen
8855;Wangen (SZ)
8856;Tuggen
8857;Vorderthal
8858;Innerthal
8862;Schübelbach
8863;Schübelbach
8864;Reichenburg
8865;Glarus Nord
8866;Glarus Nord
8866;Schänis
8867;Glarus Nord
8868;Glarus Nord
8872;Glarus Nord
8872;Amden
8872;Weesen
8873;Amden
8874;Glarus Nord
8877;Quarten
8878;Quarten
8880;Walenstadt
8881;Walenstadt
8882;Quarten
8883;Quarten
8884;Quarten
8885;Quarten
8886;Mels
8887;Mels
8888;Flums
8888;Mels
8888;Sargans
8889;Mels
8890;Flums
8890;Walenstadt
8892;Flums
8892;Walenstadt
8893;Flums
8893;Walenstadt
8894;Flums
8895;Flums
8896;Flums
8896;Quarten
8896;Walenstadt
8897;Flums
8898;Flums
8898;Quarten
8902;Schlieren
8902;Urdorf
8903;Birmensdorf (ZH)
8904;Aesch (ZH)
8905;Arni (AG)
8905;Islisberg
8906;Bonstetten
8907;Wettswil am Albis
8908;Hedingen
8909;Affoltern am Albis
8910;Affoltern am Albis
8911;Rifferswil
8912;Obfelden
8913;Ottenbach
8914;Aeugst am Albis
8915;Hausen am Albis
8916;Jonen
8917;Oberlunkhofen
8918;Unterlunkhofen
8919;Rottenschwil
8925;Hausen am Albis
8926;Kappel am Albis
8932;Mettmenstetten
8933;Maschwanden
8934;Knonau
8942;Oberrieden
8951;Geroldswil
8951;Unterengstringen
8951;Weiningen (ZH)
8952;Dietikon
8952;Schlieren
8952;Unterengstringen
8952;Zürich
8953;Dietikon
8953;Spreitenbach
8954;Geroldswil
8955;Oetwil an der Limmat
8956;Killwangen
8957;Spreitenbach
8962;Bergdietikon
8964;Berikon
8964;Rudolfstetten-Friedlisb.
8965;Berikon
8966;Oberwil-Lieli
8967;Bellikon
8967;Bergdietikon
8967;Widen
9000;St. Gallen
9008;St. Gallen
9008;Wittenbach
9010;St. Gallen
9011;St. Gallen
9012;Teufen (AR)
9012;St. Gallen
9014;Stein (AR)
9014;St. Gallen
9015;St. Gallen
9015;Gossau (SG)
9016;St. Gallen
9030;St. Gallen
9030;Gaiserwald
9032;Gaiserwald
9032;Waldkirch
9033;Untereggen
9034;Rehetobel
9034;Eggersriet
9035;Grub (AR)
9035;Eggersriet
9036;Heiden
9036;Eggersriet
9037;Speicher
9037;Rehetobel
9037;St. Gallen
9037;Eggersriet
9038;Grub (AR)
9038;Heiden
9038;Rehetobel
9042;Speicher
9042;Teufen (AR)
9042;St. Gallen
9043;Bühler
9043;Gais
9043;Trogen
9043;Wald (AR)
9044;Wald (AR)
9050;Appenzell
9050;Gonten
9050;Rüte
9050;Schlatt-Haslen
9050;Schwende
9052;Teufen (AR)
9052;Schlatt-Haslen
9053;Teufen (AR)
9053;Schlatt-Haslen
9054;Schlatt-Haslen
9055;Bühler
9055;Gais
9055;Teufen (AR)
9055;Schlatt-Haslen
9056;Gais
9056;Appenzell
9056;Schlatt-Haslen
9057;Rüte
9057;Schwende
9058;Rüte
9058;Schwende
9058;Altstätten
9062;Teufen (AR)
9063;Hundwil
9063;Stein (AR)
9064;Hundwil
9100;Herisau
9100;Schwellbrunn
9100;Waldstatt
9100;Gossau (SG)
9103;Schwellbrunn
9103;Urnäsch
9103;Waldstatt
9103;Neckertal
9104;Schwellbrunn
9104;Urnäsch
9104;Waldstatt
9105;Schönengrund
9105;Schwellbrunn
9105;Neckertal
9107;Hundwil
9107;Schönengrund
9107;Urnäsch
9107;Schwende
9107;Wildhaus-Alt St. Johann
9107;Nesslau
9107;Hemberg
9108;Gonten
9108;Schwende
9112;Herisau
9113;Schwellbrunn
9113;Neckertal
9113;Degersheim
9113;Flawil
9114;Neckertal
9115;Neckertal
9116;Neckertal
9116;Degersheim
9122;Oberhelfenschwil
9122;Neckertal
9123;Neckertal
9123;Lütisburg
9125;Oberhelfenschwil
9125;Neckertal
9126;Oberhelfenschwil
9126;Neckertal
9127;Hemberg
9127;Neckertal
9200;Flawil
9200;Niederbüren
9200;Gossau (SG)
9203;Niederbüren
9203;Oberbüren
9204;Andwil (SG)
9204;Gossau (SG)
9204;Waldkirch
9205;Waldkirch
9212;Andwil (SG)
9212;Gossau (SG)
9213;Waldkirch
9213;Hauptwil-Gottshaus
9214;Kradolf-Schönenberg
9214;Sulgen
9215;Kradolf-Schönenberg
9216;Erlen
9216;Hohentannen
9217;Kradolf-Schönenberg
9220;Muolen
9220;Bischofszell
9220;Hauptwil-Gottshaus
9220;Zihlschlacht-Sitterdorf
9223;Niederhelfenschwil
9223;Bischofszell
9225;Hauptwil-Gottshaus
9230;Degersheim
9230;Flawil
9230;Oberuzwil
9230;Oberbüren
9231;Flawil
9240;Oberuzwil
9240;Uzwil
9240;Oberbüren
9242;Jonschwil
9242;Oberuzwil
9242;Uzwil
9243;Lütisburg
9243;Jonschwil
9244;Oberuzwil
9244;Uzwil
9245;Niederhelfenschwil
9245;Oberbüren
9246;Niederbüren
9246;Waldkirch
9247;Uzwil
9248;Oberuzwil
9249;Uzwil
9300;St. Gallen
9300;Wittenbach
9300;Berg (SG)
9300;Waldkirch
9304;Waldkirch
9305;Berg (SG)
9305;Steinach
9306;Berg (SG)
9306;Roggwil (TG)
9308;Häggenschwil
9308;Muolen
9308;Wittenbach
9308;Roggwil (TG)
9312;Häggenschwil
9313;Muolen
9313;Zihlschlacht-Sitterdorf
9314;Egnach
9315;Häggenschwil
9315;Egnach
9315;Roggwil (TG)
9320;Arbon
9320;Roggwil (TG)
9322;Egnach
9322;Salmsach
9323;Steinach
9325;Roggwil (TG)
9326;Tübach
9326;Horn
9327;Mörschwil
9327;Tübach
9400;Goldach
9400;Rorschach
9402;Goldach
9402;Mörschwil
9402;Untereggen
9403;Goldach
9404;Rorschacherberg
9404;Untereggen
9404;Thal
9405;Heiden
9405;Lutzenberg
9405;Eggersriet
9405;Rorschacherberg
9410;Heiden
9410;Wolfhalden
9411;Reute (AR)
9411;Berneck
9413;Heiden
9413;Oberegg
9414;Reute (AR)
9422;Rorschacherberg
9422;Thal
9423;Thal
9424;Rheineck
9424;St. Margrethen
9425;Wolfhalden
9425;Rheineck
9425;Thal
9426;Lutzenberg
9426;Rheineck
9427;Heiden
9427;Lutzenberg
9427;Walzenhausen
9427;Wolfhalden
9427;Oberegg
9427;Thal
9428;Walzenhausen
9428;Wolfhalden
9428;Oberegg
9428;St. Margrethen
9430;St. Margrethen
9434;Au (SG)
9434;Berneck
9435;Au (SG)
9435;Balgach
9435;Berneck
9435;Widnau
9436;Balgach
9436;Diepoldsau
9436;Oberriet (SG)
9437;Reute (AR)
9437;Marbach (SG)
9437;Rebstein
9442;Oberegg
9442;Berneck
9443;Diepoldsau
9443;Widnau
9444;Diepoldsau
9445;Balgach
9445;Rebstein
9450;Gais
9450;Oberegg
9450;Altstätten
9451;Oberriet (SG)
9452;Altstätten
9452;Eichberg
9453;Altstätten
9453;Eichberg
9462;Oberriet (SG)
9463;Altstätten
9463;Oberriet (SG)
9463;Rüthi (SG)
9464;Altstätten
9464;Rüthi (SG)
9465;Sennwald
9466;Sennwald
9467;Sennwald
9468;Sennwald
9469;Gams
9469;Grabs
9469;Sennwald
9470;Buchs (SG)
9470;Grabs
9470;Sevelen
9472;Grabs
9473;Gams
9473;Sennwald
9475;Sevelen
9476;Sevelen
9476;Wartau
9477;Wartau
9478;Wartau
9479;Wartau
9500;Kirchberg (SG)
9500;Zuzwil (SG)
9500;Wil (SG)
9502;Braunau
9503;Bussnang
9504;Bussnang
9506;Lommis
9507;Stettfurt
9508;Lommis
9512;Wil (SG)
9514;Wil (SG)
9514;Wuppenau
9515;Zuzwil (SG)
9515;Wuppenau
9517;Bussnang
9523;Zuzwil (SG)
9524;Niederhelfenschwil
9524;Zuzwil (SG)
9524;Wil (SG)
9525;Niederhelfenschwil
9526;Niederhelfenschwil
9527;Niederhelfenschwil
9532;Kirchberg (SG)
9532;Jonschwil
9532;Rickenbach (TG)
9533;Kirchberg (SG)
9534;Kirchberg (SG)
9535;Rickenbach (TG)
9535;Wilen (TG)
9536;Jonschwil
9536;Wil (SG)
9536;Rickenbach (TG)
9542;Münchwilen (TG)
9543;Wil (SG)
9543;Münchwilen (TG)
9545;Wängi
9546;Wängi
9547;Aadorf
9548;Frauenfeld
9548;Matzingen
9548;Stettfurt
9552;Wil (SG)
9552;Münchwilen (TG)
9553;Bettwiesen
9554;Tobel-Tägerschen
9555;Affeltrangen
9555;Tobel-Tägerschen
9556;Affeltrangen
9562;Affeltrangen
9562;Bussnang
9565;Bussnang
9573;Sirnach
9601;Kirchberg (SG)
9601;Lütisburg
9601;Mosnang
9601;Bütschwil-Ganterschwil
9602;Kirchberg (SG)
9602;Lütisburg
9604;Lütisburg
9604;Jonschwil
9604;Oberuzwil
9606;Bütschwil-Ganterschwil
9607;Mosnang
9608;Lütisburg
9608;Bütschwil-Ganterschwil
9612;Mosnang
9613;Kirchberg (SG)
9613;Mosnang
9614;Mosnang
9614;Bütschwil-Ganterschwil
9615;Wattwil
9615;Mosnang
9615;Bütschwil-Ganterschwil
9620;Lichtensteig
9620;Oberhelfenschwil
9620;Neckertal
9620;Wattwil
9620;Bütschwil-Ganterschwil
9621;Oberhelfenschwil
9621;Bütschwil-Ganterschwil
9622;Wattwil
9630;Neckertal
9630;Wattwil
9631;Wattwil
9633;Ebnat-Kappel
9633;Nesslau
9633;Hemberg
9633;Wattwil
9642;Ebnat-Kappel
9642;Wattwil
9643;Ebnat-Kappel
9643;Nesslau
9650;Nesslau
9651;Nesslau
9652;Nesslau
9655;Nesslau
9656;Wildhaus-Alt St. Johann
9657;Wildhaus-Alt St. Johann
9658;Gams
9658;Grabs
9658;Wildhaus-Alt St. Johann