Aadorf;8355
Aadorf;8356
Aadorf;8357
Aadorf;8522
Aadorf;9547
Aarau;5000
Aarau;5004
Aarau;5032
Aarberg;3250
Aarberg;3267
Aarberg;3270
Aarberg;3273
Aarburg;4663
Aarwangen;4912
Aarwangen;4922
Abtwil;5646
Aclens;1123
Acquarossa;6715
Acquarossa;6716
Acquarossa;6721
Acquarossa;6722
Acquarossa;6723
Acquarossa;6724
Adelboden;3715
Adelboden;3725
Adligenswil;6030
Adligenswil;6043
Adlikon;8452
Adliswil;8134
Aedermannsdorf;2747
Aedermannsdorf;4714
Aedermannsdorf;4717
Aedermannsdorf;4719
Aefligen;3426
Aegerten;2558
Aesch (BL);4147
Aesch (BL);4153
Aesch (LU);6287
Aesch (ZH);8904
Aeschi (SO);4556
Aeschi bei Spiez;3702
Aeschi bei Spiez;3703
Aeschi bei Spiez;3704
Aeschi bei Spiez;3711
Aeugst am Albis;8914
Affeltrangen;8514
Affeltrangen;9555
Affeltrangen;9556
Affeltrangen;9562
Affoltern am Albis;8909
Affoltern am Albis;8910
Affoltern im Emmental;3413
Affoltern im Emmental;3416
Affoltern im Emmental;3418
Affoltern im Emmental;3462
Affoltern im Emmental;3463
Affoltern im Emmental;3464
Agarn;3951
Agiez;1352
Agno;6934
Agno;6982
Agno;6990
Aigle;1860
Aigle;1863
Aire-la-Ville;1288
Airolo;6780
Alberswil;6248
Albinen;3955
Albinen;3956
Albula/Alvra;7084
Albula/Alvra;7450
Albula/Alvra;7451
Albula/Alvra;7458
Albula/Alvra;7459
Albula/Alvra;7472
Albula/Alvra;7473
Albula/Alvra;7492
Alchenstorf;3473
Allaman;1165
Alle;2942
Allmendingen;3112
Allschwil;4123
Alpnach;6053
Alpnach;6055
Alpthal;6430
Alpthal;6432
Alpthal;8849
Altbüron;6147
Altdorf (UR);6460
Altendorf;8846
Altendorf;8852
Alterswil;1712
Alterswil;1713
Alterswil;1715
Alterswil;1717
Altikon;8479
Altishofen;6244
Altishofen;6246
Altishofen;6263
Altnau;8595
Alto Malcantone;6937
Alto Malcantone;6938
Alto Malcantone;6939
Altstätten;9058
Altstätten;9450
Altstätten;9452
Altstätten;9453
Altstätten;9463
Altstätten;9464
Altwis;6286
Amden;8872
Amden;8873
Amlikon-Bissegg;8514
Amlikon-Bissegg;8554
Ammerswil;5600
Amriswil;8580
Amriswil;8581
Amriswil;8587
Amsoldingen;3633
Andeer;7440
Andeer;7442
Andeer;7443
Andelfingen;8450
Andermatt;6490
Andiast;7159
Andwil (SG);9204
Andwil (SG);9212
Anières;1247
Anières;1248
Anières;1251
Anniviers;3960
Anniviers;3961
Anwil;4469
Appenzell;9050
Appenzell;9056
Apples;1128
Apples;1143
Aranno;6994
Arbaz;1972
Arbaz;1974
Arbedo-Castione;6500
Arbedo-Castione;6517
Arbedo-Castione;6532
Arboldswil;4424
Arboldswil;4425
Arbon;9320
Arch;3296
Arconciel;1725
Arconciel;1732
Ardon;1957
Arisdorf;4305
Arisdorf;4422
Aristau;5628
Aristau;5630
Arlesheim;4144
Arnex-sur-Nyon;1277
Arnex-sur-Orbe;1321
Arni (AG);8905
Arni (BE);3507
Arni (BE);3508
Arogno;6822
Arogno;6823
Arosa;7027
Arosa;7028
Arosa;7029
Arosa;7050
Arosa;7056
Arosa;7057
Arosa;7058
Arth;6318
Arth;6356
Arth;6410
Arth;6414
Arth;6415
Arth;6416
Arzier-Le Muids;1264
Arzier-Le Muids;1273
Ascona;6612
Assens;1042
Astano;6999
Attalens;1612
Attalens;1616
Attalens;1617
Attalens;1808
Attelwil;5056
Attinghausen;6390
Attinghausen;6468
Attiswil;4536
Au (SG);9434
Au (SG);9435
Aubonne;1170
Aubonne;1172
Aubonne;1174
Auboranges;1673
Auenstein;5105
Augst;4133
Augst;4302
Augst;4303
Ausserberg;3938
Auswil;4938
Auswil;4944
Autigny;1742
Autigny;1745
Auw;5637
Auw;5642
Auw;5643
Auw;5644
Auw;6277
Avegno Gordevio;6670
Avegno Gordevio;6672
Avenches;1580
Avenches;1721
Avers;7446
Avers;7447
Avers;7448
Avry;1754
Avully;1237
Avusy;1236
Avusy;1285
Ayent;1958
Ayent;1966
Ayent;1972
Baar;6300
Baar;6312
Baar;6314
Baar;6319
Baar;6340
Baar;6345
Bachenbülach;8184
Bachs;8164
Bad Ragaz;7310
Bad Ragaz;7317
Bad Zurzach;5330
Baden;5400
Baden;5404
Baden;5405
Baden;5406
Bagnes;1934
Bagnes;1936
Bagnes;1947
Bagnes;1948
Baldingen;5333
Balerna;6828
Balgach;9435
Balgach;9436
Balgach;9445
Ballaigues;1338
Ballens;1144
Ballwil;6034
Ballwil;6274
Ballwil;6275
Balm bei Günsberg;4524
Balm bei Günsberg;4525
Balsthal;4710
Balsthal;4717
Baltschieder;3937
Bannwil;4912
Bannwil;4913
Barberêche;1783
Bardonnex;1257
Bardonnex;1258
Bargen (BE);3282
Bargen (BE);3283
Bargen (SH);8233
Bas-Intyamon;1665
Bas-Intyamon;1666
Bas-Intyamon;1667
Basadingen-Schlattingen;8254
Basadingen-Schlattingen;8255
Basadingen-Schlattingen;8476
Basel;4001
Basel;4051
Basel;4052
Basel;4053
Basel;4054
Basel;4055
Basel;4056
Basel;4057
Basel;4058
Basel;4059
Basse-Allaine;2915
Basse-Allaine;2923
Basse-Allaine;2924
Basse-Allaine;2925
Bassersdorf;8303
Bassins;1269
Bauen;6466
Baulmes;1446
Bauma;8493
Bauma;8494
Bauma;8499
Bavois;1372
Beatenberg;3800
Beatenberg;3803
Beckenried;6375
Beckenried;6376
Bedano;6930
Bedigliora;6981
Bedretto;6781
Beggingen;8226
Beggingen;8228
Begnins;1268
Beinwil (Freiamt);5637
Beinwil (SO);2827
Beinwil (SO);4229
Beinwil am See;5712
Belfaux;1782
Bellach;4500
Bellach;4512
Bellevue;1293
Bellevue;1294
Bellikon;5454
Bellikon;8967
Bellinzona;6500
Bellinzona;6503
Bellinzona;6582
Bellmund;2562
Bellmund;2563
Bellmund;2564
Bellwald;3997
Belmont-Broye;1563
Belmont-Broye;1564
Belmont-Broye;1580
Belmont-Broye;1773
Belmont-Broye;1776
Belmont-sur-Lausanne;1092
Belmont-sur-Yverdon;1432
Belp;3086
Belp;3115
Belp;3122
Belp;3123
Belp;3124
Belp;3125
Belprahon;2744
Benken (SG);8717
Benken (ZH);8463
Bennwil;4431
Bennwil;4434
Bennwil;4457
Bercher;1038
Berg (SG);9300
Berg (SG);9305
Berg (SG);9306
Berg (TG);8570
Berg (TG);8572
Berg (TG);8576
Berg (TG);8584
Berg am Irchel;8415
Bergdietikon;8962
Bergdietikon;8967
Bergün/Bravuogn;7482
Bergün/Bravuogn;7484
Berikon;5621
Berikon;8964
Berikon;8965
Beringen;8222
Beringen;8223
Berken;3376
Berlingen;8267
Bern;3004
Bern;3005
Bern;3006
Bern;3007
Bern;3008
Bern;3010
Bern;3011
Bern;3012
Bern;3013
Bern;3014
Bern;3015
Bern;3018
Bern;3019
Bern;3020
Bern;3027
Bern;3032
Bern;3037
Bern;3048
Bern;3063
Bern;3072
Bern;3073
Bern;3084
Bern;3097
Berneck;9411
Berneck;9434
Berneck;9435
Berneck;9442
Bernex;1232
Bernex;1233
Bernex;1236
Bernex;1286
Berolle;1149
Beromünster;6025
Beromünster;6028
Beromünster;6215
Beromünster;6221
Beromünster;6222
Besenbüren;5627
Bettenhausen;3366
Bettens;1042
Bettens;1306
Bettingen;4126
Bettlach;2544
Bettmeralp;3983
Bettmeralp;3991
Bettmeralp;3992
Bettmeralp;3994
Bettwiesen;9553
Bettwil;5618
Bettwil;5632
Beurnevésin;2935
Bevaix;2022
Bever;7502
Bex;1880
Bex;1882
Biasca;6710
Biberist;4500
Biberist;4528
Biberist;4562
Biberist;4574
Biberstein;5023
Bichelsee-Balterswil;8362
Bichelsee-Balterswil;8363
Biel-Benken;4105
Biel/Bienne;2502
Biel/Bienne;2503
Biel/Bienne;2504
Biel/Bienne;2505
Biel/Bienne;2532
Biezwil;4585
Biglen;3507
Billens-Hennens;1681
Binn;3996
Binningen;4053
Binningen;4101
Binningen;4102
Bioggio;6928
Bioggio;6933
Bioggio;6934
Bioggio;6935
Bioggio;6982
Bioggio;6992
Bioggio;6993
Bioley-Magnoux;1045
Bioley-Magnoux;1407
Bioley-Orjulaz;1042
Birmensdorf (ZH);8142
Birmensdorf (ZH);8903
Birmenstorf (AG);5406
Birmenstorf (AG);5413
Birr;5242
Birrhard;5244
Birrwil;5708
Birsfelden;4127
Birwinken;8585
Birwinken;8586
Bischofszell;9220
Bischofszell;9223
Bissone;6816
Bister;3983
Bitsch;3982
Bière;1145
Bière;1149
Blatten;3919
Blauen;4223
Bleienbach;3368
Blenio;6717
Blenio;6718
Blenio;6719
Blenio;6720
Blitzingen;3989
Blonay;1807
Blonay;1816
Blumenstein;3638
Bodio;6743
Bofflens;1353
Bogis-Bossey;1279
Bolken;4556
Bolligen;3065
Bolligen;3066
Bolligen;3326
Boltigen;1657
Boltigen;3766
Boltigen;3770
Bonaduz;7402
Boncourt;2926
Bonfol;2944
Boningen;4618
Boniswil;5706
Bonstetten;8906
Bonvillars;1423
Bonvillars;1427
Boppelsen;8113
Borex;1277
Bosco/Gurin;6685
Bossonnens;1615
Boswil;5623
Boswil;5624
Boswil;5630
Boswil;5632
Bottens;1041
Bottenwil;4813
Bottenwil;4814
Botterens;1652
Bottighofen;8280
Bottighofen;8598
Bottmingen;4101
Bottmingen;4102
Bottmingen;4103
Boudry;2013
Boudry;2014
Boudry;2015
Boudry;2017
Boudry;2019
Boudry;2149
Bougy-Villars;1172
Boulens;1038
Boulens;1063
Bourg-Saint-Pierre;1946
Bourg-en-Lavaux;1070
Bourg-en-Lavaux;1091
Bourg-en-Lavaux;1095
Bourg-en-Lavaux;1096
Bourg-en-Lavaux;1097
Bourg-en-Lavaux;1098
Bournens;1035
Bourrignon;2803
Boussens;1034
Bovernier;1927
Bovernier;1932
Bowil;3531
Bowil;3533
Bowil;3534
Bowil;3538
Bowil;3673
Boécourt;2856
Boécourt;2857
Boécourt;2883
Braunau;9502
Bregaglia;7516
Bregaglia;7602
Bregaglia;7603
Bregaglia;7604
Bregaglia;7605
Bregaglia;7606
Bregaglia;7608
Bregaglia;7610
Breggia;6835
Breggia;6837
Breggia;6838
Breggia;6839
Breil/Brigels;7134
Breil/Brigels;7162
Breil/Brigels;7163
Breil/Brigels;7164
Breil/Brigels;7165
Breitenbach;4226
Bremblens;1121
Bremgarten (AG);5620
Bremgarten (AG);5626
Bremgarten bei Bern;3047
Brenles;1683
Brenzikofen;3671
Bretigny-sur-Morrens;1053
Bretonnières;1329
Bretzwil;4207
Brienz (BE);3855
Brienz (BE);3856
Brienzwiler;3856
Brig-Glis;3900
Brig-Glis;3902
Brione (Verzasca);6634
Brione sopra Minusio;6645
Brione sopra Minusio;6646
Brislach;4225
Brislach;4242
Brissago;6614
Brittnau;4803
Brittnau;4805
Brittnau;6264
Broc;1636
Brot-Plamboz;2318
Brugg;5200
Brugg;5210
Brugg;5222
Brunegg;5505
Brusino Arsizio;6827
Brusino Arsizio;6867
Brusio;7743
Brusio;7744
Brusio;7747
Brusio;7748
Brügg;2503
Brügg;2504
Brügg;2552
Brügg;2555
Brünisried;1719
Brüttelen;3237
Brütten;8311
Bubendorf;4410
Bubendorf;4416
Bubikon;8608
Bubikon;8633
Buch (SH);8263
Buch am Irchel;8414
Buchberg;8454
Buchegg;4576
Buchegg;4577
Buchegg;4578
Buchegg;4579
Buchegg;4581
Buchegg;4582
Buchegg;4583
Buchegg;4586
Buchegg;4587
Buchegg;4588
Buchholterberg;3614
Buchholterberg;3615
Buchholterberg;3618
Buchholterberg;3674
Buchillon;1164
Buchrain;6030
Buchrain;6033
Buchrain;6035
Buchs (AG);5033
Buchs (SG);9470
Buchs (ZH);8107
Buckten;4444
Buckten;4445
Buckten;4446
Buckten;4447
Bulle;1630
Bulle;1635
Bullet;1452
Bullet;1453
Buochs;6374
Bure;2915
Burg (AG);5736
Burg im Leimental;4117
Burgdorf;3400
Burgdorf;3413
Burgdorf;3414
Burgdorf;3472
Burgistein;3664
Burgistein;3665
Bursinel;1195
Bursins;1183
Bursins;1268
Burtigny;1268
Buseno;6542
Bussigny;1030
Bussnang;8575
Bussnang;9503
Bussnang;9504
Bussnang;9517
Bussnang;9562
Bussnang;9565
Busswil bei Melchnau;4917
Bussy (FR);1541
Bussy-Chardonney;1136
Bussy-sur-Moudon;1514
Buttisholz;6018
Buttisholz;6022
Buttwil;5632
Buus;4462
Buus;4463
Bäretswil;8340
Bäretswil;8344
Bäretswil;8345
Bäretswil;8498
Bäriswil;3323
Bärschwil;4252
Bärschwil;4253
Bätterkinden;3314
Bätterkinden;3315
Bätterkinden;4573
Bättwil;4112
Böbikon;5334
Böckten;4450
Böckten;4461
Bönigen;3806
Bösingen;3178
Bösingen;3184
Bösingen;3185
Böttstein;5314
Böttstein;5315
Bözberg;5225
Bözberg;5236
Bözberg;5237
Bözen;5076
Büetigen;3263
Bühl;3274
Bühler;9043
Bühler;9055
Bülach;8180
Bünzen;5624
Bürchen;3935
Büren (SO);4413
Büren an der Aare;3294
Bürglen (TG);8575
Bürglen (TG);8584
Bürglen (UR);6460
Bürglen (UR);6463
Bürglen (UR);6464
Bürglen (UR);6469
Büron;6233
Büsserach;4227
Bütschwil-Ganterschwil;9601
Bütschwil-Ganterschwil;9606
Bütschwil-Ganterschwil;9608
Bütschwil-Ganterschwil;9614
Bütschwil-Ganterschwil;9615
Bütschwil-Ganterschwil;9620
Bütschwil-Ganterschwil;9621
Büttenhardt;8236
Büttikon;5619
Cademario;6934
Cademario;6936
Cademario;6992
Cadempino;6814
Cadenazzo;6593
Cadenazzo;6599
Calanca;6543
Calanca;6544
Calanca;6545
Calanca;6546
Cama;6557
Camorino;6528
Campo (Vallemaggia);6683
Campo (Vallemaggia);6684
Canobbio;6952
Capriasca;6947
Capriasca;6950
Capriasca;6951
Capriasca;6953
Capriasca;6954
Capriasca;6955
Capriasca;6956
Capriasca;6957
Capriasca;6958
Capriasca;6960
Carouge (GE);1212
Carouge (GE);1227
Carrouge (VD);1083
Carrouge (VD);1084
Cartigny;1236
Caslano;6987
Castaneda;6537
Castaneda;6540
Castel San Pietro;6825
Castel San Pietro;6850
Castel San Pietro;6872
Castel San Pietro;6873
Castel San Pietro;6874
Castel San Pietro;6875
Castel San Pietro;6877
Casti-Wergenstein;7433
Cazis;7405
Cazis;7408
Cazis;7415
Cazis;7421
Cazis;7422
Cazis;7423
Cazis;7424
Celerina/Schlarigna;7500
Celerina/Schlarigna;7504
Celerina/Schlarigna;7505
Centovalli;6655
Centovalli;6656
Centovalli;6657
Centovalli;6658
Centovalli;6659
Cerentino;6683
Cevio;6675
Cevio;6676
Cevio;6690
Chalais;3966
Chalais;3967
Cham;6330
Cham;6331
Cham;6332
Chamblon;1436
Chamoson;1911
Chamoson;1955
Champagne;1424
Champoz;2735
Champtauroz;1537
Champvent;1443
Champéry;1874
Chancy;1237
Chancy;1284
Chancy;1285
Chapelle (Glâne);1608
Chardonne;1070
Chardonne;1071
Chardonne;1614
Chardonne;1801
Chardonne;1802
Chardonne;1803
Chardonne;1805
Charrat;1906
Chavannes-de-Bogis;1279
Chavannes-des-Bois;1290
Chavannes-le-Chêne;1464
Chavannes-le-Veyron;1148
Chavannes-près-Renens;1015
Chavannes-près-Renens;1022
Chavannes-sur-Moudon;1512
Chavornay;1373
Chavornay;1435
Cheiry;1529
Cheiry;1534
Chermignon;3963
Chermignon;3971
Chermignon;3976
Chesalles-sur-Moudon;1683
Cheseaux-Noréaz;1400
Cheseaux-Noréaz;1462
Cheseaux-sur-Lausanne;1033
Chessel;1846
Chevilly;1316
Chevroux;1545
Chexbres;1071
Cheyres;1468
Chiasso;6830
Chiasso;6832
Chigny;1134
Chippis;3965
Choulex;1222
Choulex;1244
Chur;7000
Chur;7062
Churwalden;7000
Churwalden;7062
Churwalden;7074
Churwalden;7075
Churwalden;7076
Châbles;1474
Château-d'Oex;1659
Château-d'Oex;1660
Châtel-Saint-Denis;1618
Châtel-Saint-Denis;1619
Châtel-sur-Montsalvens;1653
Châtillon (FR);1473
Châtillon (JU);2843
Châtonnaye;1553
Chénens;1744
Chéserex;1275
Chéserex;1276
Chésopelloz;1720
Chêne-Bougeries;1224
Chêne-Bougeries;1231
Chêne-Bougeries;1253
Chêne-Bourg;1225
Chêne-Bourg;1226
Chêne-Pâquier;1464
Clarmont;1127
Claro;6702
Clavaleyres;1595
Clos du Doubs;2882
Clos du Doubs;2883
Clos du Doubs;2884
Clos du Doubs;2885
Clos du Doubs;2886
Clos du Doubs;2888
Clos du Doubs;2889
Coeuve;2932
Coinsins;1196
Coinsins;1267
Coldrerio;6828
Coldrerio;6877
Collex-Bossy;1239
Collex-Bossy;1290
Collina d'Oro;6915
Collina d'Oro;6919
Collina d'Oro;6925
Collina d'Oro;6926
Collina d'Oro;6927
Collombey-Muraz;1868
Collombey-Muraz;1872
Collombey-Muraz;1893
Collonge-Bellerive;1222
Collonge-Bellerive;1245
Collonge-Bellerive;1246
Collonges;1903
Cologny;1207
Cologny;1222
Cologny;1223
Cologny;1253
Comano;6944
Comano;6949
Comano;6952
Commugny;1291
Commugny;1296
Commugny;1297
Concise;1426
Concise;1428
Concise;2028
Confignon;1228
Confignon;1232
Conters im Prättigau;7241
Conters im Prättigau;7249
Conthey;1964
Conthey;1975
Conthey;1976
Coppet;1296
Coppet;1297
Corban;2826
Corbeyrier;1856
Corbières;1646
Corbières;1647
Corbières;1651
Corcelles (BE);2747
Corcelles-Cormondrèche;2035
Corcelles-Cormondrèche;2036
Corcelles-Cormondrèche;2037
Corcelles-le-Jorat;1082
Corcelles-le-Jorat;1513
Corcelles-près-Concise;1426
Corcelles-près-Payerne;1530
Corcelles-près-Payerne;1562
Corcelles-sur-Chavornay;1374
Corgémont;2534
Corgémont;2606
Corgémont;2608
Corgémont;2720
Corippo;6631
Corminboeuf;1720
Corminboeuf;1753
Cormoret;2610
Cormoret;2612
Cormoret;2613
Cornaux;2072
Cornaux;2075
Cornaux;2087
Cornol;2952
Corseaux;1802
Corserey;1747
Corsier (GE);1222
Corsier (GE);1246
Corsier (GE);1251
Corsier-sur-Vevey;1804
Corsier-sur-Vevey;1805
Corsier-sur-Vevey;1808
Corsier-sur-Vevey;1809
Cortaillod;2016
Cortébert;2607
Cortébert;2608
Cortébert;2723
Cossonay;1304
Cottens (FR);1741
Cottens (VD);1116
Courchapoix;2825
Courchavon;2922
Courgenay;2950
Courgenay;2952
Courgevaux;1796
Courgevaux;3280
Courrendlin;2800
Courrendlin;2830
Courroux;2822
Courroux;2823
Court;2735
Court;2738
Courtedoux;2905
Courtelary;2608
Courtelary;2610
Courtelary;2723
Courtepin;1784
Courtepin;1791
Courtételle;2852
Crans-près-Céligny;1299
Crassier;1263
Cremin;1526
Cresciano;6705
Cressier (FR);1785
Cressier (NE);2072
Cressier (NE);2087
Cressier (NE);2088
Crissier;1023
Crissier;1033
Croglio;6980
Croglio;6981
Croglio;6989
Croglio;6995
Cronay;1406
Croy;1322
Crémines;2746
Crémines;2747
Crémines;4716
Crésuz;1653
Cuarnens;1148
Cuarny;1400
Cuarny;1404
Cudrefin;1588
Cugnasco-Gerra;6516
Cugnasco-Gerra;6594
Cugnasco-Gerra;6595
Cugnasco-Gerra;6597
Cugnasco-Gerra;6635
Cugy (FR);1482
Cugy (FR);1483
Cugy (VD);1053
Cureglia;6944
Cureglia;6963
Curio;6981
Curio;6986
Curtilles;1521
Céligny;1298
Dachsen;8447
Dagmersellen;6211
Dagmersellen;6235
Dagmersellen;6246
Dagmersellen;6252
Dagmersellen;6253
Dagmersellen;6260
Daillens;1306
Dallenwil;6383
Dallenwil;6386
Dalpe;6774
Damphreux;2933
Dardagny;1283
Davos;7260
Davos;7265
Davos;7270
Davos;7272
Davos;7276
Davos;7277
Davos;7278
Davos;7494
Degersheim;9113
Degersheim;9116
Degersheim;9230
Deisswil b. Münchenbuch.;3053
Deitingen;4542
Deitingen;4543
Delley-Portalban;1567
Delley-Portalban;1568
Delémont;2800
Delémont;2852
Denens;1135
Denges;1026
Densbüren;5025
Densbüren;5026
Derendingen;4552
Develier;2802
Diegten;4447
Diegten;4448
Diegten;4456
Diegten;4457
Dielsdorf;8157
Diemerswil;3053
Diemtigen;3753
Diemtigen;3754
Diemtigen;3755
Diemtigen;3756
Diemtigen;3757
Diepflingen;4442
Diepoldsau;9436
Diepoldsau;9443
Diepoldsau;9444
Dierikon;6036
Diessbach bei Büren;3264
Diessenhofen;8252
Diessenhofen;8253
Dietikon;8952
Dietikon;8953
Dietlikon;8305
Dietlikon;8600
Dietwil;6034
Dietwil;6042
Dinhard;8474
Dintikon;5606
Disentis/Mustér;7180
Disentis/Mustér;7182
Disentis/Mustér;7183
Disentis/Mustér;7186
Dittingen;4243
Dizy;1304
Domat/Ems;7012
Domat/Ems;7013
Domat/Ems;7015
Domleschg;7404
Domleschg;7407
Domleschg;7415
Domleschg;7416
Domleschg;7417
Domleschg;7418
Domleschg;7419
Dompierre (VD);1682
Donat;7433
Donneloye;1407
Donneloye;1408
Doppleschwand;6110
Doppleschwand;6112
Dorf;8458
Dornach;4143
Dorénaz;1905
Dottikon;5605
Dotzigen;3293
Dotzigen;3294
Dozwil;8582
Drei Höfe;4558
Duggingen;4147
Duggingen;4202
Duggingen;4203
Duillier;1266
Dulliken;4657
Dulliken;5746
Dully;1195
Dägerlen;8471
Dällikon;8108
Däniken;4658
Dänikon;8114
Därligen;3706
Därligen;3707
Därstetten;3763
Därstetten;3764
Dättlikon;8421
Démoret;1415
Dörflingen;8239
Döttingen;5312
Dübendorf;8044
Dübendorf;8051
Dübendorf;8304
Dübendorf;8600
Dübendorf;8603
Düdingen;1700
Düdingen;3186
Dürnten;8340
Dürnten;8608
Dürnten;8632
Dürnten;8635
Dürnten;8636
Dürrenroth;3463
Dürrenroth;3464
Dürrenroth;3465
Dürrenroth;4942
Dürrenäsch;5724
Ebersecken;6144
Ebersecken;6244
Ebersecken;6245
Ebersecken;6247
Ebikon;6004
Ebikon;6006
Ebikon;6020
Ebikon;6030
Ebikon;6032
Ebnat-Kappel;9633
Ebnat-Kappel;9642
Ebnat-Kappel;9643
Echallens;1040
Echandens;1026
Echandens;1027
Echarlens;1646
Echichens;1112
Echichens;1113
Echichens;1114
Echichens;1125
Eclépens;1312
Ecublens (FR);1673
Ecublens (VD);1015
Ecublens (VD);1024
Ederswiler;2813
Effingen;5078
Effingen;5079
Egerkingen;4622
Egg;8127
Egg;8132
Egg;8133
Eggenwil;5445
Eggerberg;3939
Eggersriet;9034
Eggersriet;9035
Eggersriet;9036
Eggersriet;9037
Eggersriet;9405
Eggiwil;3536
Eggiwil;3537
Eggiwil;3550
Eggiwil;3618
Eggiwil;6197
Eglisau;8193
Eglisau;8197
Egliswil;5703
Egliswil;5704
Egnach;9314
Egnach;9315
Egnach;9322
Egolzwil;6242
Egolzwil;6243
Egolzwil;6244
Ehrendingen;5420
Eich;6205
Eich;6214
Eichberg;9452
Eichberg;9453
Eiken;5074
Einsiedeln;8836
Einsiedeln;8840
Einsiedeln;8841
Einsiedeln;8844
Einsiedeln;8846
Einsiedeln;8847
Eischoll;3943
Eisten;3922
Elfingen;5077
Elgg;8353
Elgg;8354
Elgg;8355
Elgg;8523
Ellikon an der Thur;8548
Elsau;8352
Embd;3922
Embd;3926
Embrach;8424
Emmen;6020
Emmen;6032
Emmen;6206
Emmetten;6376
Emmetten;6377
Endingen;5304
Endingen;5305
Engelberg;6388
Engelberg;6390
Enges;2067
Enges;2073
Ennetbaden;5408
Ennetbürgen;6363
Ennetbürgen;6373
Ennetbürgen;6374
Ennetmoos;6362
Ennetmoos;6372
Entlebuch;6105
Entlebuch;6110
Entlebuch;6162
Entlebuch;6163
Entlebuch;6166
Epalinges;1066
Ependes (FR);1731
Ependes (VD);1434
Eppenberg-Wöschnau;5012
Epsach;3272
Eptingen;4458
Ergisch;3946
Ergisch;3947
Eriswil;4952
Eriz;3616
Eriz;3619
Eriz;6197
Erlach;3232
Erlach;3233
Erlach;3235
Erlen;8586
Erlen;9216
Erlenbach (ZH);8703
Erlenbach im Simmental;3754
Erlenbach im Simmental;3758
Erlenbach im Simmental;3762
Erlinsbach (AG);5017
Erlinsbach (AG);5018
Erlinsbach (SO);5015
Erlinsbach (SO);5017
Ermatingen;8272
Ermatingen;8273
Ermensee;6294
Ernen;3995
Erschwil;4228
Ersigen;3422
Ersigen;3423
Ersigen;3424
Ersigen;3425
Ersigen;3472
Erstfeld;6472
Eschenbach (LU);6026
Eschenbach (LU);6034
Eschenbach (LU);6274
Eschenbach (SG);8636
Eschenbach (SG);8637
Eschenbach (SG);8638
Eschenbach (SG);8725
Eschenbach (SG);8727
Eschenbach (SG);8732
Eschenbach (SG);8733
Eschenbach (SG);8734
Eschenbach (SG);8735
Eschenz;8264
Eschert;2743
Eschlikon;8360
Eschlikon;8370
Escholzmatt-Marbach;3555
Escholzmatt-Marbach;6170
Escholzmatt-Marbach;6173
Escholzmatt-Marbach;6182
Escholzmatt-Marbach;6192
Escholzmatt-Marbach;6196
Escholzmatt-Marbach;6197
Essert-Pittet;1435
Essertes;1078
Essertines-sur-Rolle;1180
Essertines-sur-Rolle;1185
Essertines-sur-Rolle;1186
Essertines-sur-Yverdon;1417
Estavayer-le-Lac;1470
Estavayer-le-Lac;1473
Etagnières;1037
Etoy;1163
Ettingen;4107
Ettiswil;6217
Ettiswil;6218
Etziken;4554
Evilard;2532
Evilard;2533
Evionnaz;1902
Evolène;1983
Evolène;1984
Evolène;1985
Evolène;1986
Eysins;1262
Fahrni;3612
Fahrni;3617
Fahrwangen;5615
Fahy;2916
Faido;6746
Faido;6747
Faido;6748
Faido;6749
Faido;6760
Faido;6763
Faido;6764
Falera;7153
Faoug;1595
Farnern;4539
Fehraltorf;8308
Fehraltorf;8320
Fehren;4232
Felben-Wellhausen;8500
Felben-Wellhausen;8552
Feldbrunnen-St. Niklaus;4532
Felsberg;7012
Ferden;3916
Ferden;3917
Ferenbalm;3177
Ferenbalm;3205
Ferenbalm;3206
Ferenbalm;3207
Ferlens (VD);1076
Ferpicloz;1724
Ferrera;7444
Ferrera;7445
Ferreyres;1313
Feuerthalen;8245
Feuerthalen;8246
Feusisberg;8832
Feusisberg;8834
Feusisberg;8835
Feusisberg;8836
Feusisberg;8847
Fey;1044
Fideris;7235
Fiesch;3984
Fieschertal;3801
Fieschertal;3984
Fiez;1420
Fiez;1453
Filisur;7477
Filisur;7494
Finhaut;1925
Finsterhennen;2577
Fischbach;6145
Fischbach;6152
Fischbach-Göslikon;5525
Fischenthal;8494
Fischenthal;8496
Fischenthal;8497
Fischenthal;8498
Fischingen;8372
Fischingen;8374
Fischingen;8376
Fischingen;8495
Fischingen;8499
Fisibach;5467
Fislisbach;5442
Flaach;8416
Flawil;9113
Flawil;9200
Flawil;9230
Flawil;9231
Flerden;7426
Flims;7017
Flims;7018
Flims;7019
Flims;7104
Flumenthal;4534
Flums;8888
Flums;8890
Flums;8892
Flums;8893
Flums;8894
Flums;8895
Flums;8896
Flums;8897
Flums;8898
Flurlingen;8247
Fläsch;7304
Fläsch;7306
Flüelen;6454
Flüelen;6460
Flühli;6170
Flühli;6173
Flühli;6174
Flühli;6192
Flühli;6197
Fontaines-sur-Grandson;1421
Fontaines-sur-Grandson;1453
Fontenais;2889
Fontenais;2902
Fontenais;2903
Fontenais;2904
Forel (Lavaux);1072
Forel (Lavaux);1073
Forel (Lavaux);1080
Forel (Lavaux);1091
Forel-sur-Lucens;1526
Forst-Längenbühl;3636
Forst-Längenbühl;3663
Forst-Längenbühl;3665
Founex;1297
Frasco;6636
Fraubrunnen;3306
Fraubrunnen;3308
Fraubrunnen;3309
Fraubrunnen;3312
Fraubrunnen;3313
Fraubrunnen;3314
Fraubrunnen;3317
Frauenfeld;8500
Frauenfeld;8552
Frauenfeld;9548
Frauenkappelen;3020
Frauenkappelen;3033
Frauenkappelen;3202
Freienbach;8640
Freienbach;8806
Freienbach;8807
Freienbach;8808
Freienbach;8832
Freienstein-Teufen;8427
Freienstein-Teufen;8428
Freienwil;5423
Freimettigen;3510
Frenkendorf;4133
Frenkendorf;4402
Fresens;2027
Fribourg;1700
Fribourg;1722
Frick;5070
Froideville;1055
Frutigen;3713
Frutigen;3714
Frutigen;3715
Frutigen;3716
Frutigen;3724
Frutigen;3725
Fräschels;3284
Fulenbach;4629
Full-Reuenthal;5324
Fully;1926
Furna;7232
Fällanden;8117
Fällanden;8118
Fällanden;8121
Féchy;1166
Féchy;1173
Fétigny;1532
Füllinsdorf;4414
Fürstenau;7413
Fürstenau;7414
Gachnang;8500
Gachnang;8546
Gachnang;8547
Gais;9043
Gais;9055
Gais;9056
Gais;9450
Gaiserwald;9030
Gaiserwald;9032
Galgenen;8853
Galgenen;8854
Galmiz;3285
Gals;2525
Gals;3235
Gals;3238
Gambarogno;6528
Gambarogno;6571
Gambarogno;6572
Gambarogno;6573
Gambarogno;6574
Gambarogno;6575
Gambarogno;6576
Gambarogno;6577
Gambarogno;6578
Gambarogno;6579
Gambarogno;6594
Gampel-Bratsch;3945
Gampel-Bratsch;3957
Gampelen;3236
Gams;9469
Gams;9473
Gams;9658
Gansingen;5272
Gebenstorf;5412
Gelterfingen;3125
Gelterfingen;3126
Gelterkinden;4444
Gelterkinden;4460
Geltwil;5637
Gempen;4145
Gempenach;3215
Genolier;1272
Genthod;1290
Genthod;1293
Genthod;1294
Genève;1201
Genève;1202
Genève;1203
Genève;1204
Genève;1205
Genève;1206
Genève;1207
Genève;1208
Genève;1209
Genève;1213
Genève;1218
Genève;1227
Genève;1231
Genève;1292
Gerlafingen;4563
Geroldswil;8951
Geroldswil;8954
Gersau;6354
Gersau;6410
Gersau;6442
Gerzensee;3115
Gettnau;6142
Gettnau;6143
Geuensee;6232
Gibloux;1695
Gibloux;1696
Gibloux;1726
Gibloux;1727
Gibloux;1728
Giebenach;4303
Giebenach;4304
Giez;1429
Giffers;1735
Gilly;1180
Gilly;1182
Gilly;1183
Gilly;1186
Gilly;1195
Gimel;1188
Gingins;1276
Giornico;6745
Gipf-Oberfrick;5073
Gisikon;6038
Giswil;6074
Giubiasco;6500
Giubiasco;6512
Giubiasco;6592
Givisiez;1762
Givrins;1271
Givrins;1272
Gland;1196
Glarus;8750
Glarus;8754
Glarus;8755
Glarus Nord;8752
Glarus Nord;8753
Glarus Nord;8754
Glarus Nord;8757
Glarus Nord;8758
Glarus Nord;8865
Glarus Nord;8866
Glarus Nord;8867
Glarus Nord;8868
Glarus Nord;8872
Glarus Nord;8874
Glarus Süd;8755
Glarus Süd;8756
Glarus Süd;8762
Glarus Süd;8765
Glarus Süd;8766
Glarus Süd;8767
Glarus Süd;8772
Glarus Süd;8773
Glarus Süd;8774
Glarus Süd;8775
Glarus Süd;8777
Glarus Süd;8782
Glarus Süd;8783
Glarus Süd;8784
Glattfelden;8180
Glattfelden;8192
Glattfelden;8193
Gletterens;1544
Gnosca;6525
Golaten;3207
Goldach;9400
Goldach;9402
Goldach;9403
Gollion;1124
Gommiswald;8725
Gommiswald;8726
Gommiswald;8730
Gommiswald;8737
Gommiswald;8738
Gommiswald;8739
Gondiswil;4955
Gonten;9050
Gonten;9108
Gontenschwil;5046
Gontenschwil;5728
Gordola;6596
Gorduno;6518
Gorgier;2023
Gorgier;2025
Gorgier;2103
Gossau (SG);9015
Gossau (SG);9100
Gossau (SG);9200
Gossau (SG);9204
Gossau (SG);9212
Gossau (ZH);8614
Gossau (ZH);8617
Gossau (ZH);8624
Gossau (ZH);8625
Gossau (ZH);8626
Gossau (ZH);8627
Gottlieben;8274
Goumoëns;1376
Graben;3376
Grabs;9469
Grabs;9470
Grabs;9472
Grabs;9658
Grafschaft;3989
Grancia;6916
Grancy;1117
Grandcour;1543
Grandevent;1421
Grandfontaine;2908
Grandson;1422
Grandval;2745
Grandvillard;1666
Granges (Veveyse);1614
Granges-Paccot;1763
Grangettes;1686
Gravesano;6929
Greifensee;8606
Grellingen;4203
Grenchen;2540
Greng;3280
Grengiols;3993
Grens;1274
Greppen;6404
Gresso;6611
Gretzenbach;4658
Gretzenbach;5014
Grimisuat;1950
Grimisuat;1971
Grindel;4247
Grindelwald;3816
Grindelwald;3818
Grindelwald;3823
Grolley;1772
Grono;6537
Grossaffoltern;3257
Grossaffoltern;3262
Grossdietwil;6146
Grossdietwil;6147
Grossdietwil;6245
Grosshöchstetten;3506
Grosswangen;6022
Grub (AR);9035
Grub (AR);9038
Gruyères;1635
Gruyères;1636
Gruyères;1661
Gruyères;1663
Gryon;1880
Gryon;1882
Grächen;3925
Gränichen;5722
Gränichen;5723
Grône;3979
Grüningen;8627
Grüsch;7213
Grüsch;7214
Grüsch;7215
Gsteig;3784
Gsteig;3785
Gsteigwiler;3800
Gsteigwiler;3813
Gsteigwiler;3814
Gudo;6515
Guggisberg;1738
Guggisberg;3150
Guggisberg;3156
Guggisberg;3157
Guggisberg;3158
Guggisberg;3159
Gunzgen;4614
Gunzgen;4617
Gurbrü;3208
Gurbrü;3210
Gurmels;1792
Gurmels;3179
Gurmels;3205
Gurmels;3206
Gurmels;3212
Gurmels;3213
Gurtnellen;6473
Gurtnellen;6474
Gurtnellen;6476
Gurtnellen;6482
Gurzelen;3663
Gurzelen;3664
Guttannen;3864
Guttet-Feschel;3956
Gy;1251
Gy;1254
Gächlingen;8214
Gächlingen;8225
Gächlingen;8226
Gänsbrunnen;4716
Göschenen;6487
Gündlischwand;3815
Günsberg;4524
Güttingen;8594
Habkern;3804
Habsburg;5245
Hagenbuch;8500
Hagenbuch;8523
Hagneck;2575
Haldenstein;7023
Hallau;8215
Hallwil;5705
Hallwil;5706
Halten;4566
Hasle (LU);6162
Hasle (LU);6166
Hasle bei Burgdorf;3415
Hasle bei Burgdorf;3419
Hasle bei Burgdorf;3432
Hasle bei Burgdorf;3433
Hasle bei Burgdorf;3513
Hasliberg;6083
Hasliberg;6084
Hasliberg;6085
Hasliberg;6086
Hauenstein-Ifenthal;4633
Hauptwil-Gottshaus;9213
Hauptwil-Gottshaus;9220
Hauptwil-Gottshaus;9225
Hausen (AG);5210
Hausen (AG);5212
Hausen am Albis;6340
Hausen am Albis;8915
Hausen am Albis;8925
Haut-Intyamon;1669
Haute-Ajoie;2906
Haute-Ajoie;2912
Haute-Ajoie;2914
Haute-Ajoie;2916
Haute-Sorne;2748
Haute-Sorne;2853
Haute-Sorne;2854
Haute-Sorne;2855
Haute-Sorne;2863
Haute-Sorne;2864
Hauterive (FR);1725
Hauterive (FR);1730
Hauterive (NE);2068
Hauteville;1648
Hedingen;8908
Hefenhofen;8580
Hefenhofen;8582
Heiden;9036
Heiden;9038
Heiden;9405
Heiden;9410
Heiden;9413
Heiden;9427
Heiligenschwendi;3625
Heimberg;3613
Heimberg;3627
Heimberg;3671
Heimenhausen;3372
Heimenhausen;3373
Heimiswil;3412
Heimiswil;3413
Heimiswil;3415
Heimiswil;3416
Heimiswil;3418
Heimiswil;3472
Heitenried;1714
Hellikon;4316
Hellikon;4465
Hellsau;3429
Hemberg;9107
Hemberg;9127
Hemberg;9633
Hemishofen;8261
Hemmiken;4465
Hemmiken;4466
Hendschiken;5604
Henggart;8444
Henniez;1525
Herbetswil;4715
Herbligen;3671
Herdern;8506
Herdern;8532
Herdern;8535
Herdern;8536
Hergiswil (NW);6010
Hergiswil (NW);6013
Hergiswil (NW);6052
Hergiswil bei Willisau;6125
Hergiswil bei Willisau;6130
Hergiswil bei Willisau;6132
Hergiswil bei Willisau;6133
Hergiswil bei Willisau;6156
Herisau;9100
Herisau;9112
Hermance;1248
Hermenches;1059
Hermenches;1513
Hermrigen;3274
Herrliberg;8703
Herrliberg;8704
Hersberg;4423
Herznach;5027
Herzogenbuchsee;3360
Herzogenbuchsee;3363
Hettlingen;8442
Hildisrieden;6024
Hilterfingen;3600
Hilterfingen;3625
Hilterfingen;3626
Hilterfingen;3652
Himmelried;4204
Hindelbank;3324
Hindelbank;3325
Hinterrhein;7438
Hinwil;8340
Hinwil;8342
Hinwil;8498
Hirschthal;5042
Hirzel;8816
Hittnau;8335
Hitzkirch;6284
Hitzkirch;6285
Hitzkirch;6288
Hitzkirch;6289
Hitzkirch;6295
Hochdorf;6274
Hochdorf;6275
Hochdorf;6280
Hochdorf;6283
Hochfelden;8182
Hochfelden;8192
Hochwald;4146
Hofstetten (ZH);8354
Hofstetten bei Brienz;3858
Hofstetten-Flüh;4112
Hofstetten-Flüh;4114
Hofstetten-Flüh;4115
Hohenrain;6275
Hohenrain;6276
Hohenrain;6277
Hohenrain;6280
Hohenrain;6283
Hohentannen;9216
Holderbank (AG);5113
Holderbank (SO);4438
Holderbank (SO);4718
Holziken;5043
Homberg;3622
Homberg;3624
Hombrechtikon;8627
Hombrechtikon;8634
Hombrechtikon;8714
Homburg;8507
Homburg;8508
Honau;6038
Horgen;8135
Horgen;8810
Horgen;8815
Horgen;8816
Horn;9326
Hornussen;5075
Horrenbach-Buchen;3619
Horrenbach-Buchen;3623
Horriwil;4557
Horw;6005
Horw;6047
Horw;6048
Horw;6052
Hospental;6493
Hubersdorf;4535
Humlikon;8457
Hundwil;9063
Hundwil;9064
Hundwil;9107
Hunzenschwil;5502
Huttwil;4938
Huttwil;4950
Huttwil;4952
Huttwil;4953
Häfelfingen;4445
Häfelfingen;4448
Hägendorf;4438
Hägendorf;4614
Hägendorf;4615
Hägendorf;4622
Häggenschwil;9308
Häggenschwil;9312
Häggenschwil;9315
Hägglingen;5522
Hägglingen;5607
Härkingen;4624
Häutligen;3510
Hérémence;1982
Hérémence;1987
Höchstetten;3429
Hölstein;4434
Hölstein;4457
Höri;8181
Hünenberg;5642
Hünenberg;6331
Hünenberg;6332
Hünenberg;6333
Hüniken;4554
Hüntwangen;8194
Hütten;8825
Hüttikon;8115
Hüttlingen;8553
Hüttwilen;8535
Hüttwilen;8536
Hüttwilen;8537
Icogne;1977
Icogne;1978
Icogne;3963
Iffwil;3305
Ilanz/Glion;7111
Ilanz/Glion;7112
Ilanz/Glion;7126
Ilanz/Glion;7127
Ilanz/Glion;7128
Ilanz/Glion;7130
Ilanz/Glion;7141
Ilanz/Glion;7144
Ilanz/Glion;7154
Ilanz/Glion;7155
Ilanz/Glion;7156
Ilanz/Glion;7157
Illgau;6434
Illnau-Effretikon;8307
Illnau-Effretikon;8308
Illnau-Effretikon;8314
Illnau-Effretikon;8482
Illnau-Effretikon;8483
Inden;3953
Ingenbohl;6423
Ingenbohl;6440
Inkwil;3375
Innerthal;8858
Innertkirchen;3862
Innertkirchen;3863
Ins;3232
Ins;3236
Interlaken;3800
Inwil;6034
Inwil;6038
Ipsach;2563
Iragna;6707
Iseltwald;3807
Isenthal;6461
Islisberg;8905
Isone;6810
Isorno;6661
Isérables;1914
Itingen;4450
Itingen;4452
Ittigen;3048
Ittigen;3063
Jaberg;3629
Jaun;1656
Jaun;1716
Jegenstorf;3303
Jegenstorf;3305
Jenaz;7231
Jenaz;7232
Jenaz;7233
Jenins;7307
Jens;2565
Jonen;8916
Jongny;1803
Jongny;1804
Jongny;1805
Jonschwil;9242
Jonschwil;9243
Jonschwil;9532
Jonschwil;9536
Jonschwil;9604
Jorat-Menthue;1041
Jorat-Menthue;1058
Jorat-Menthue;1059
Jorat-Menthue;1061
Jorat-Menthue;1062
Jorat-Menthue;1063
Jouxtens-Mézery;1008
Juriens;1326
Jussy;1254
Kaiseraugst;4303
Kaiserstuhl;5466
Kaisten;5080
Kaisten;5082
Kaisten;5083
Kallern;5625
Kallnach;3226
Kallnach;3283
Kaltbrunn;8722
Kaltbrunn;8723
Kaltbrunn;8737
Kaltbrunn;8738
Kaltbrunn;8739
Kammersrohr;4535
Kandergrund;3716
Kandergrund;3717
Kandersteg;3718
Kappel (SO);4616
Kappel (SO);4618
Kappel am Albis;8926
Kappelen;3250
Kappelen;3252
Kappelen;3273
Kaufdorf;3126
Kehrsatz;3122
Kehrsatz;3123
Kemmental;8565
Kemmental;8566
Kemmental;8573
Kernenried;3309
Kerns;6064
Kerns;6066
Kerns;6067
Kerns;6068
Kerzers;3207
Kerzers;3210
Kesswil;8593
Kestenholz;4703
Kienberg;4468
Kiesen;3114
Kiesen;3629
Kilchberg (BL);4493
Kilchberg (BL);4496
Kilchberg (ZH);8802
Killwangen;8956
Kippel;3917
Kirchberg (BE);3400
Kirchberg (BE);3422
Kirchberg (SG);8376
Kirchberg (SG);9500
Kirchberg (SG);9532
Kirchberg (SG);9533
Kirchberg (SG);9534
Kirchberg (SG);9601
Kirchberg (SG);9602
Kirchberg (SG);9613
Kirchdorf (BE);3116
Kirchdorf (BE);3629
Kirchenthurnen;3128
Kirchleerau;5054
Kirchlindach;3037
Kirchlindach;3038
Kirchlindach;3042
Kleinandelfingen;8451
Kleinandelfingen;8453
Kleinandelfingen;8461
Kleinbösingen;3213
Kleinlützel;2814
Kleinlützel;4245
Klingnau;5313
Klingnau;5322
Klosters-Serneus;7247
Klosters-Serneus;7249
Klosters-Serneus;7250
Klosters-Serneus;7252
Klosters-Serneus;7265
Kloten;8152
Kloten;8302
Kloten;8309
Knonau;8934
Knutwil;6212
Knutwil;6213
Koblenz;5322
Konolfingen;3503
Konolfingen;3510
Koppigen;3425
Kradolf-Schönenberg;8577
Kradolf-Schönenberg;9214
Kradolf-Schönenberg;9215
Kradolf-Schönenberg;9217
Krattigen;3704
Krauchthal;3325
Krauchthal;3326
Kreuzlingen;8280
Kreuzlingen;8598
Kriechenwil;3179
Kriegstetten;4566
Kriens;6005
Kriens;6010
Kriens;6012
Kriens;6013
Kriens;6048
Känerkinden;4447
Kölliken;4813
Kölliken;5742
Köniz;3007
Köniz;3084
Köniz;3095
Köniz;3097
Köniz;3098
Köniz;3122
Köniz;3144
Köniz;3145
Köniz;3147
Köniz;3172
Köniz;3173
Köniz;3174
Küblis;7240
Küblis;7247
Künten;5444
Küsnacht (ZH);8127
Küsnacht (ZH);8700
Küsnacht (ZH);8703
Küssnacht (SZ);6402
Küssnacht (SZ);6403
Küssnacht (SZ);6405
Küttigen;5022
Küttigen;5024
L'Abbaye;1342
L'Abbaye;1344
L'Abbaye;1346
L'Abergement;1355
L'Isle;1148
La Baroche;2807
La Baroche;2883
La Baroche;2946
La Baroche;2947
La Baroche;2953
La Baroche;2954
La Brillaz;1745
La Brillaz;1756
La Brévine;2124
La Brévine;2406
La Chaux (Cossonay);1148
La Chaux (Cossonay);1308
La Chaux (Cossonay);1316
La Chaux-de-Fonds;2300
La Chaux-de-Fonds;2314
La Chaux-de-Fonds;2322
La Chaux-des-Breuleux;2345
La Chaux-du-Milieu;2400
La Chaux-du-Milieu;2405
La Chaux-du-Milieu;2406
La Côte-aux-Fées;2117
La Ferrière;2333
La Folliaz;1680
La Folliaz;1690
La Folliaz;1691
La Neuveville;2514
La Neuveville;2520
La Neuveville;2523
La Praz;1148
La Punt-Chamues-ch;7522
La Rippe;1275
La Rippe;1278
La Roche;1634
La Roche;1733
La Sagne;2314
La Sarraz;1315
La Sonnaz;1782
La Tour-de-Peilz;1814
La Tène;2074
La Tène;2075
La Verrerie;1611
La Verrerie;1624
Laax;7031
Laax;7032
Lachen;8853
Laconnex;1236
Laconnex;1287
Lajoux (JU);2718
Lalden;3931
Lamone;6814
Lampenberg;4432
Lancy;1212
Lancy;1213
Lancy;1227
Lancy;1228
Lancy;1256
Landiswil;3434
Landiswil;3508
Landquart;7204
Landquart;7206
Landquart;7302
Landquart;7303
Landquart;7313
Langenbruck;4438
Langendorf;4500
Langendorf;4513
Langenthal;4900
Langenthal;4916
Langenthal;4924
Langnau am Albis;8135
Langnau im Emmental;3535
Langnau im Emmental;3543
Langnau im Emmental;3550
Langnau im Emmental;3551
Langnau im Emmental;3552
Langnau im Emmental;3553
Langnau im Emmental;3555
Langrickenbach;8585
Langrickenbach;8586
Lantsch/Lenz;7083
Lauenen;3782
Lauerz;6424
Laufen;4242
Laufen;4246
Laufen;4252
Laufen-Uhwiesen;8212
Laufen-Uhwiesen;8248
Laufen-Uhwiesen;8447
Laufenburg;5080
Laufenburg;5084
Laufenburg;5085
Laupen;3177
Laupersdorf;4710
Laupersdorf;4712
Laupersdorf;4717
Lauperswil;3433
Lauperswil;3436
Lauperswil;3438
Lauperswil;3543
Lauperswil;3550
Lauperswil;3551
Lausanne;1000
Lausanne;1003
Lausanne;1004
Lausanne;1005
Lausanne;1006
Lausanne;1007
Lausanne;1010
Lausanne;1011
Lausanne;1012
Lausanne;1018
Lausanne;1023
Lausanne;1032
Lausanne;1033
Lausanne;1052
Lausanne;1053
Lausanne;1066
Lausen;4415
Lauterbrunnen;3822
Lauterbrunnen;3823
Lauterbrunnen;3824
Lauterbrunnen;3825
Lauterbrunnen;3826
Lauwil;4229
Lauwil;4418
Lauwil;4426
Lauwil;4719
Lavertezzo;6595
Lavertezzo;6633
Lavey-Morcles;1892
Lavigny;1170
Lavigny;1175
Lavizzara;6692
Lavizzara;6693
Lavizzara;6694
Lavizzara;6695
Lavizzara;6696
Lax;3994
Le Bémont (JU);2360
Le Bémont (JU);2363
Le Cerneux-Péquignot;2400
Le Cerneux-Péquignot;2405
Le Cerneux-Péquignot;2406
Le Cerneux-Péquignot;2414
Le Chenit;1341
Le Chenit;1347
Le Chenit;1348
Le Châtelard;1689
Le Flon;1699
Le Grand-Saconnex;1202
Le Grand-Saconnex;1209
Le Grand-Saconnex;1215
Le Grand-Saconnex;1216
Le Grand-Saconnex;1218
Le Landeron;2073
Le Landeron;2520
Le Landeron;2523
Le Landeron;2525
Le Lieu;1343
Le Lieu;1345
Le Locle;2322
Le Locle;2400
Le Mont-sur-Lausanne;1052
Le Mouret;1724
Le Noirmont;2336
Le Noirmont;2340
Le Noirmont;2345
Le Pâquier (FR);1635
Le Pâquier (FR);1661
Le Vaud;1261
Leggia;6556
Leibstadt;5325
Leimbach (AG);5733
Leissigen;3706
Lengnau (AG);5426
Lengnau (BE);2543
Lengwil;8574
Lenk;3773
Lenk;3775
Lens;1978
Lens;3963
Lens;3971
Lens;3978
Lenzburg;5600
Les Agettes;1992
Les Bois;2336
Les Brenets;2400
Les Brenets;2416
Les Breuleux;2345
Les Clées;1356
Les Enfers;2353
Les Enfers;2363
Les Genevez (JU);2714
Les Montets;1483
Les Montets;1484
Les Planchettes;2325
Les Ponts-de-Martel;2316
Les Verrières;2126
Les Verrières;2406
Leuggern;5316
Leuggern;5317
Leuk;3945
Leuk;3952
Leuk;3953
Leuk;3956
Leuk;3957
Leuk;3970
Leukerbad;3954
Leutwil;5725
Leuzigen;3297
Leysin;1854
Leytron;1911
Leytron;1912
Lichtensteig;9620
Liddes;1945
Liedertswil;4436
Liesberg;4253
Liesberg;4254
Liestal;4410
Liestal;4415
Liestal;4422
Ligerz;2513
Ligerz;2514
Lignerolle;1357
Lignières;2523
Lindau;8310
Lindau;8312
Lindau;8315
Lindau;8317
Linden;3538
Linden;3615
Linden;3672
Linden;3673
Linescio;6682
Locarno;6516
Locarno;6572
Locarno;6594
Locarno;6595
Locarno;6596
Locarno;6600
Locarno;6605
Locarno;6612
Locarno;6652
Lodrino;6526
Lodrino;6527
Lohn (GR);7433
Lohn (SH);8235
Lohn-Ammannsegg;4573
Lohnstorf;3127
Lommis;9506
Lommis;9508
Lommiswil;4512
Lommiswil;4514
Lonay;1027
Longirod;1261
Losone;6616
Losone;6618
Lostallo;6558
Lostorf;4654
Lotzwil;3368
Lotzwil;4932
Lovatens;1682
Loveresse;2732
Lucens;1522
Lufingen;8426
Lugano;6823
Lugano;6900
Lugano;6912
Lugano;6913
Lugano;6914
Lugano;6915
Lugano;6916
Lugano;6917
Lugano;6918
Lugano;6924
Lugano;6925
Lugano;6932
Lugano;6933
Lugano;6951
Lugano;6959
Lugano;6962
Lugano;6963
Lugano;6964
Lugano;6965
Lugano;6966
Lugano;6967
Lugano;6968
Lugano;6974
Lugano;6976
Lugano;6977
Lugano;6978
Lugano;6979
Lugnez;2933
Luins;1184
Lully (FR);1470
Lully (FR);1483
Lully (VD);1132
Lumino;6532
Lumino;6533
Lumnezia;7110
Lumnezia;7113
Lumnezia;7114
Lumnezia;7115
Lumnezia;7116
Lumnezia;7142
Lumnezia;7143
Lumnezia;7144
Lumnezia;7145
Lumnezia;7146
Lumnezia;7147
Lumnezia;7148
Lumnezia;7149
Lungern;6078
Lupfig;5242
Lupsingen;4419
Lussery-Villars;1307
Lussy-sur-Morges;1167
Luterbach;4542
Luterbach;4552
Luthern;4952
Luthern;6153
Luthern;6154
Luthern;6156
Lutry;1090
Lutry;1092
Lutry;1093
Lutry;1095
Lutzenberg;9405
Lutzenberg;9426
Lutzenberg;9427
Luzein;7222
Luzein;7223
Luzein;7224
Luzein;7226
Luzein;7240
Luzein;7242
Luzein;7243
Luzein;7244
Luzein;7245
Luzein;7246
Luzern;6000
Luzern;6003
Luzern;6004
Luzern;6005
Luzern;6006
Luzern;6014
Luzern;6015
Luzern;6016
Luzern;6020
Lyss;2557
Lyss;3250
Lyss;3292
Lyssach;3421
Läufelfingen;4446
Läufelfingen;4448
Läufelfingen;4458
Läufelfingen;4634
Löhningen;8224
Lüscherz;2575
Lüscherz;2576
Lüsslingen-Nennigkofen;4574
Lüterkofen-Ichertswil;4571
Lüterswil-Gächliwil;4584
Lütisburg;9123
Lütisburg;9243
Lütisburg;9601
Lütisburg;9602
Lütisburg;9604
Lütisburg;9608
Lütschental;3816
Lützelflüh;3414
Lützelflüh;3415
Lützelflüh;3418
Lützelflüh;3419
Lützelflüh;3432
Lützelflüh;3433
Lützelflüh;3434
Lützelflüh;3435
Lützelflüh;3439
Lützelflüh;3452
Lützelflüh;3453
Lützelflüh;3454
Lützelflüh;3456
Madiswil;4919
Madiswil;4932
Madiswil;4934
Madiswil;4935
Madiswil;4936
Madulain;7523
Magden;4305
Magden;4312
Maggia;6673
Maggia;6674
Maggia;6677
Maggia;6678
Magliaso;6983
Maienfeld;7302
Maienfeld;7304
Maisprach;4451
Maisprach;4464
Maladers;7026
Malans;7208
Malters;6014
Malters;6016
Malters;6019
Malters;6102
Malters;6103
Malters;6105
Mammern;8264
Mammern;8265
Mammern;8507
Mandach;5318
Manno;6928
Manno;6934
Maracon;1613
Marbach (SG);9437
Marchissy;1261
Marly;1723
Maroggia;6817
Marsens;1633
Marthalen;8460
Marthalen;8464
Martigny;1904
Martigny;1906
Martigny;1920
Martigny;1927
Martigny-Combe;1921
Martigny-Combe;1928
Martigny-Combe;1932
Maschwanden;8933
Masein;7421
Masein;7425
Massagno;6900
Massongex;1869
Massongex;1871
Massongex;1891
Massonnens;1692
Mathod;1438
Mathon;7433
Matran;1753
Matten bei Interlaken;3800
Mattstetten;3322
Matzendorf;4713
Matzingen;8500
Matzingen;9548
Mauborget;1453
Mauensee;6210
Mauensee;6212
Mauensee;6216
Mauensee;6242
Maur;8122
Maur;8123
Maur;8124
Maur;8127
Maur;8132
Mauraz;1148
Medel (Lucmagn);7184
Medel (Lucmagn);7185
Meggen;6006
Meggen;6045
Meienried;3294
Meierskappel;6344
Meikirch;3042
Meikirch;3045
Meikirch;3046
Meilen;8706
Meinier;1222
Meinier;1244
Meinier;1251
Meinier;1252
Meinier;1254
Meinisberg;2554
Meiringen;3856
Meiringen;3857
Meiringen;3860
Meisterschwanden;5615
Meisterschwanden;5616
Meisterschwanden;5617
Melano;6818
Melchnau;4917
Melchnau;6146
Melchnau;6147
Melide;6815
Mellikon;5465
Mellingen;5507
Mels;7325
Mels;7326
Mels;8886
Mels;8887
Mels;8888
Mels;8889
Meltingen;4233
Mendrisio;6825
Mendrisio;6850
Mendrisio;6852
Mendrisio;6853
Mendrisio;6862
Mendrisio;6863
Mendrisio;6864
Mendrisio;6865
Mendrisio;6866
Mendrisio;6872
Menziken;5737
Menzingen;6313
Menzingen;6314
Menzingen;6315
Menznau;6110
Menznau;6122
Menznau;6123
Menznau;6125
Menznau;6130
Menznau;6133
Merenschwand;5634
Merenschwand;5636
Mergoscia;6647
Merishausen;8232
Mervelier;2827
Merzligen;3274
Mesocco;6563
Mesocco;6565
Messen;3254
Messen;3307
Messen;4588
Mettauertal;5273
Mettauertal;5274
Mettauertal;5275
Mettauertal;5276
Mettauertal;5277
Mettauertal;5326
Mettembert;2806
Mettmenstetten;8932
Metzerlen-Mariastein;4115
Metzerlen-Mariastein;4116
Mex (VD);1031
Meyriez;3280
Meyrin;1214
Meyrin;1215
Meyrin;1216
Meyrin;1217
Mezzovico-Vira;6805
Mies;1290
Mies;1295
Miglieglia;6986
Milvignes;2000
Milvignes;2012
Milvignes;2013
Milvignes;2014
Milvignes;2035
Milvignes;2036
Minusio;6598
Minusio;6600
Minusio;6644
Minusio;6645
Minusio;6646
Minusio;6648
Mirchel;3506
Mirchel;3532
Misery-Courtion;1721
Missy;1565
Miège;3972
Moiry;1148
Moleno;6524
Mollens (VD);1146
Mollens (VS);3963
Mollens (VS);3972
Mollens (VS);3974
Molondin;1415
Mont-Noble;1961
Mont-Noble;1968
Mont-Noble;1973
Mont-Tramelan;2723
Mont-Vully;1786
Mont-Vully;1787
Mont-Vully;1788
Mont-Vully;1789
Mont-la-Ville;1148
Mont-la-Ville;1325
Mont-sur-Rolle;1185
Montagny (FR);1562
Montagny (FR);1774
Montagny (FR);1775
Montagny (FR);1776
Montagny-près-Yverdon;1442
Montalchez;2027
Montana;3960
Montana;3963
Montana;3976
Montanaire;1038
Montanaire;1063
Montanaire;1409
Montanaire;1410
Montanaire;1515
Montcherand;1354
Monte Carasso;6513
Monteceneri;6802
Monteceneri;6803
Monteceneri;6804
Monteceneri;6806
Monteceneri;6809
Monteggio;6995
Monteggio;6996
Monteggio;6997
Monteggio;6998
Montet (Glâne);1674
Montfaucon;2362
Montfaucon;2718
Montherod;1170
Montherod;1174
Monthey;1870
Monthey;1871
Montilliez;1041
Montilliez;1043
Montpreveyres;1081
Montreux;1807
Montreux;1815
Montreux;1816
Montreux;1817
Montreux;1820
Montreux;1822
Montreux;1823
Montreux;1824
Montreux;1832
Montreux;1833
Montricher;1147
Moosleerau;5054
Moosseedorf;3053
Moosseedorf;3302
Moosseedorf;3322
Morbio Inferiore;6833
Morbio Inferiore;6834
Morbio Inferiore;6835
Morcote;6918
Morcote;6922
Morens (FR);1541
Morges;1110
Morlon;1638
Morrens (VD);1054
Morschach;6433
Morschach;6440
Morschach;6443
Morschach;6452
Mosnang;8376
Mosnang;8496
Mosnang;9601
Mosnang;9607
Mosnang;9612
Mosnang;9613
Mosnang;9614
Mosnang;9615
Mosogno;6611
Moudon;1510
Moutier;2740
Movelier;2812
Movelier;2813
Muhen;5037
Mumpf;4322
Muntelier;3286
Muolen;8580
Muolen;9220
Muolen;9308
Muolen;9313
Muotathal;6433
Muotathal;6436
Muotathal;8750
Muralto;6600
Murgenthal;4853
Murgenthal;4856
Murgenthal;4914
Murgenthal;4915
Muri (AG);5630
Muri bei Bern;3073
Muri bei Bern;3074
Muri bei Bern;3076
Muriaux;2338
Muriaux;2345
Murist;1489
Murten;1793
Murten;1794
Murten;1795
Murten;3215
Murten;3280
Murten;3285
Mutrux;1428
Mutten;7431
Muttenz;4127
Muttenz;4132
Muttenz;4133
Muttenz;4142
Muzzano;6932
Muzzano;6933
Mägenwil;5506
Männedorf;8708
Märstetten;8560
Märstetten;8561
Ménières;1533
Mézières (FR);1680
Mézières (FR);1684
Mézières (VD);1083
Möhlin;4313
Mönchaltorf;8607
Mönchaltorf;8617
Mönthal;5237
Mörel-Filet;3983
Mörigen;2572
Möriken-Wildegg;5103
Mörschwil;9327
Mörschwil;9402
Mötschwil;3324
Mötschwil;3325
Mötschwil;3421
Mühlau;5642
Mühleberg;3202
Mühleberg;3203
Mühleberg;3204
Mühleberg;3205
Mühledorf (BE);3115
Mühledorf (BE);3116
Mühlethurnen;3127
Mühlethurnen;3128
Müllheim;8555
Mülligen;5243
Mümliswil-Ramiswil;4229
Mümliswil-Ramiswil;4418
Mümliswil-Ramiswil;4717
Mümliswil-Ramiswil;4719
Münchenbuchsee;3052
Münchenbuchsee;3053
Münchenstein;4052
Münchenstein;4142
Münchenstein;4153
Münchenwiler;1797
Münchwilen (AG);4333
Münchwilen (TG);8360
Münchwilen (TG);9542
Münchwilen (TG);9543
Münchwilen (TG);9552
Münsingen;3083
Münsingen;3110
Münsingen;3111
Münster-Geschinen;3985
Münsterlingen;8596
Münsterlingen;8597
Müntschemier;3225
Naters;3903
Naters;3904
Naters;3914
Nebikon;6244
Neckertal;9103
Neckertal;9105
Neckertal;9113
Neckertal;9114
Neckertal;9115
Neckertal;9116
Neckertal;9122
Neckertal;9123
Neckertal;9125
Neckertal;9126
Neckertal;9127
Neckertal;9620
Neckertal;9630
Neerach;8162
Neerach;8164
Neerach;8173
Neerach;8174
Neftenbach;8412
Neftenbach;8413
Neggio;6983
Neggio;6991
Nendaz;1993
Nendaz;1994
Nendaz;1996
Nendaz;1997
Nenzlingen;4224
Nesslau;9107
Nesslau;9633
Nesslau;9643
Nesslau;9650
Nesslau;9651
Nesslau;9652
Nesslau;9655
Neuchâtel;2000
Neuchâtel;2067
Neuendorf;4623
Neuenegg;3174
Neuenegg;3176
Neuenegg;3177
Neuenegg;3204
Neuenhof;5432
Neuenkirch;6016
Neuenkirch;6023
Neuenkirch;6203
Neuenkirch;6204
Neuenkirch;6206
Neuenkirch;6207
Neuhausen am Rheinfall;8200
Neuhausen am Rheinfall;8212
Neuheim;6313
Neuheim;6340
Neuheim;6345
Neunforn;8525
Neunforn;8526
Neunkirch;8213
Neunkirch;8217
Neunkirch;8223
Neunkirch;8224
Neyruz (FR);1740
Nidau;2560
Niederbipp;4704
Niederbuchsiten;4626
Niederbüren;9200
Niederbüren;9203
Niederbüren;9246
Niederdorf;4424
Niederdorf;4431
Niederdorf;4435
Niederdorf;4436
Niedergesteln;3942
Niederglatt;8172
Niedergösgen;5013
Niederhasli;8155
Niederhasli;8156
Niederhelfenschwil;9223
Niederhelfenschwil;9245
Niederhelfenschwil;9524
Niederhelfenschwil;9525
Niederhelfenschwil;9526
Niederhelfenschwil;9527
Niederhünigen;3504
Niederhünigen;3510
Niederlenz;5103
Niederlenz;5702
Niedermuhlern;3086
Niedermuhlern;3087
Niederried b. Interlaken;3853
Niederrohrdorf;5443
Niederwald;3989
Niederweningen;8166
Niederwil (AG);5524
Niederönz;3362
Niederönz;4556
Nods;2518
Nods;2523
Nods;2534
Noflen;3116
Noréaz;1757
Nottwil;6207
Novaggio;6986
Novalles;1431
Novazzano;6852
Novazzano;6883
Noville;1845
Nufenen;7437
Nuglar-St. Pantaleon;4412
Nuglar-St. Pantaleon;4421
Nunningen;4208
Nusshof;4453
Nuvilly;1485
Nyon;1260
Nürensdorf;8309
Oberbalm;3086
Oberbalm;3096
Oberbalm;3145
Oberbalm;3147
Oberbipp;4538
Oberbuchsiten;4625
Oberbuchsiten;4718
Oberburg;3414
Oberburg;3421
Oberbüren;9203
Oberbüren;9230
Oberbüren;9240
Oberbüren;9245
Oberdiessbach;3672
Oberdiessbach;3674
Oberdorf (BL);4435
Oberdorf (BL);4436
Oberdorf (BL);4437
Oberdorf (NW);6370
Oberdorf (NW);6374
Oberdorf (NW);6382
Oberdorf (NW);6383
Oberdorf (SO);4515
Oberdorf (SO);4522
Oberegg;9413
Oberegg;9427
Oberegg;9428
Oberegg;9442
Oberegg;9450
Oberembrach;8425
Oberems;3948
Oberengstringen;8102
Oberentfelden;5036
Obergerlafingen;4563
Obergerlafingen;4564
Oberglatt;8154
Obergoms;3988
Obergoms;3999
Obergösgen;4653
Oberhallau;8216
Oberhelfenschwil;9122
Oberhelfenschwil;9125
Oberhelfenschwil;9126
Oberhelfenschwil;9620
Oberhelfenschwil;9621
Oberhof;5062
Oberhofen am Thunersee;3652
Oberhofen am Thunersee;3653
Oberhofen am Thunersee;3654
Oberhünigen;3504
Oberhünigen;3532
Oberhünigen;3533
Oberhünigen;3673
Oberiberg;8842
Oberiberg;8843
Oberkirch;6018
Oberkirch;6207
Oberkirch;6208
Oberkirch;6210
Oberkirch;6216
Oberkulm;5727
Oberlangenegg;3616
Oberlangenegg;3618
Oberlunkhofen;8917
Obermumpf;4324
Oberried am Brienzersee;3854
Oberried am Brienzersee;3855
Oberrieden;8942
Oberriet (SG);9436
Oberriet (SG);9451
Oberriet (SG);9462
Oberriet (SG);9463
Oberrohrdorf;5452
Oberrüti;5647
Obersaxen Mundaun;7134
Obersaxen Mundaun;7137
Obersaxen Mundaun;7138
Oberschrot;1716
Oberschrot;1719
Obersiggenthal;5415
Obersiggenthal;5416
Oberstammheim;8468
Oberstammheim;8477
Oberstammheim;8525
Obersteckholz;4924
Oberthal;3506
Oberthal;3508
Oberthal;3531
Oberuzwil;9230
Oberuzwil;9240
Oberuzwil;9242
Oberuzwil;9244
Oberuzwil;9248
Oberuzwil;9604
Oberweningen;5462
Oberweningen;8165
Oberwil (BL);4104
Oberwil bei Büren;3298
Oberwil im Simmental;3764
Oberwil im Simmental;3765
Oberwil im Simmental;3766
Oberwil-Lieli;8966
Oberägeri;6314
Oberägeri;6315
Oberägeri;6417
Oberägeri;6418
Oberägeri;8836
Obfelden;8912
Ochlenberg;3367
Ochlenberg;3476
Oekingen;4566
Oensingen;4702
Oeschenbach;4943
Oeschgen;5072
Oetwil am See;8618
Oetwil an der Limmat;8955
Oftringen;4665
Ogens;1045
Ollon;1860
Ollon;1866
Ollon;1867
Ollon;1884
Ollon;1885
Olsberg;4305
Olten;4600
Olten;4663
Oltingen;4493
Oltingen;4494
Onex;1212
Onex;1213
Onnens (VD);1425
Onsernone;6611
Onsernone;6662
Onsernone;6663
Opfikon;8052
Opfikon;8152
Oppens;1047
Oppligen;3629
Orbe;1350
Orges;1430
Origlio;6945
Ormalingen;4460
Ormalingen;4465
Ormalingen;4466
Ormont-Dessous;1862
Ormont-Dessous;1863
Ormont-Dessous;1864
Ormont-Dessous;1866
Ormont-Dessus;1864
Ormont-Dessus;1865
Ormont-Dessus;1866
Orny;1317
Orny;1372
Oron;1607
Oron;1608
Oron;1610
Oron;1612
Orpund;2504
Orpund;2552
Orselina;6600
Orselina;6605
Orselina;6644
Orsières;1937
Orsières;1938
Orsières;1943
Orsières;1944
Orvin;2534
Orzens;1413
Osogna;6703
Ossingen;8466
Ossingen;8475
Ostermundigen;3063
Ostermundigen;3065
Ostermundigen;3066
Ostermundigen;3072
Ostermundigen;3073
Otelfingen;8107
Otelfingen;8112
Othmarsingen;5504
Othmarsingen;5604
Ottenbach;8913
Oulens-sous-Echallens;1377
Pailly;1416
Pampigny;1142
Paradiso;6900
Paudex;1094
Payerne;1530
Payerne;1551
Payerne;1562
Penthalaz;1305
Penthaz;1303
Penthéréaz;1375
Perly-Certoux;1258
Perrefitte;2740
Perrefitte;2742
Perrefitte;2748
Perroy;1166
Personico;6744
Peseux;2034
Petit-Val;2712
Petit-Val;2715
Petit-Val;2716
Petit-Val;2717
Petit-Val;2748
Pfaffnau;4915
Pfaffnau;6147
Pfaffnau;6264
Pfaffnau;6265
Pfeffingen;4147
Pfeffingen;4148
Pfungen;8422
Pfyn;8505
Pfyn;8508
Pfäfers;7312
Pfäfers;7313
Pfäfers;7314
Pfäfers;7315
Pfäfers;7317
Pfäffikon;8330
Pfäffikon;8331
Pfäffikon;8623
Pianezzo;6582
Pierrafortscha;1723
Pieterlen;2542
Plaffeien;1716
Plaffeien;1738
Plan-les-Ouates;1212
Plan-les-Ouates;1228
Plan-les-Ouates;1256
Plan-les-Ouates;1257
Plasselb;1737
Plateau de Diesse;2515
Plateau de Diesse;2516
Plateau de Diesse;2517
Plateau de Diesse;2523
Pleigne;2803
Pleigne;2806
Pleigne;2807
Pleigne;2813
Pleigne;2814
Pohlern;3638
Poliez-Pittet;1041
Pollegio;6742
Pompaples;1318
Pomy;1405
Pont-en-Ogoz;1643
Pont-en-Ogoz;1644
Pont-en-Ogoz;1645
Pont-la-Ville;1649
Ponte Capriasca;6945
Ponte Capriasca;6946
Ponte Tresa;6988
Ponthaux;1772
Pontresina;7504
Porrentruy;2900
Port;2560
Port;2562
Port-Valais;1897
Porza;6942
Porza;6948
Porza;6952
Poschiavo;7710
Poschiavo;7741
Poschiavo;7742
Poschiavo;7743
Poschiavo;7745
Poschiavo;7746
Prangins;1196
Prangins;1197
Prangins;1260
Prato (Leventina);6772
Prato (Leventina);6773
Pratteln;4133
Pratteln;4302
Pratteln;4402
Pregny-Chambésy;1202
Pregny-Chambésy;1292
Premier;1324
Preonzo;6523
Presinge;1241
Presinge;1243
Presinge;1244
Presinge;1254
Prez-vers-Noréaz;1746
Prilly;1008
Provence;1428
Provence;2108
Préverenges;1028
Prévondavaux;1410
Prévonloup;1682
Puidoux;1070
Puidoux;1071
Puidoux;1096
Puidoux;1098
Puidoux;1607
Pully;1006
Pully;1009
Pully;1068
Puplinge;1241
Pura;6984
Péry-La Heutte;2535
Péry-La Heutte;2603
Péry-La Heutte;2604
Péry-La Heutte;2732
Péry-La Heutte;2735
Quarten;8877
Quarten;8878
Quarten;8882
Quarten;8883
Quarten;8884
Quarten;8885
Quarten;8896
Quarten;8898
Quinto;6775
Quinto;6776
Quinto;6777
Radelfingen;3036
Radelfingen;3271
Rafz;8197
Rain;6026
Ramlinsburg;4433
Ramsen;8262
Rances;1439
Randa;3928
Randogne;3960
Randogne;3963
Randogne;3973
Randogne;3974
Randogne;3975
Raperswilen;8558
Rapperswil (BE);3053
Rapperswil (BE);3251
Rapperswil (BE);3254
Rapperswil (BE);3255
Rapperswil (BE);3256
Rapperswil-Jona;8630
Rapperswil-Jona;8633
Rapperswil-Jona;8640
Rapperswil-Jona;8645
Rapperswil-Jona;8646
Rapperswil-Jona;8714
Rapperswil-Jona;8715
Rapperswil-Jona;8734
Raron;3942
Realp;6491
Rebeuvelier;2832
Rebstein;9437
Rebstein;9445
Rebévelier;2717
Recherswil;4565
Rechthalten;1718
Rechthalten;1735
Reckingen-Gluringen;3998
Reconvilier;2710
Reconvilier;2732
Regensberg;8158
Regensdorf;8105
Regensdorf;8106
Rehetobel;9034
Rehetobel;9037
Rehetobel;9038
Reichenbach im Kandertal;3711
Reichenbach im Kandertal;3713
Reichenbach im Kandertal;3714
Reichenbach im Kandertal;3722
Reichenbach im Kandertal;3723
Reichenburg;8864
Reiden;6252
Reiden;6260
Reiden;6262
Reiden;6263
Reigoldswil;4418
Reinach (AG);5734
Reinach (BL);4144
Reinach (BL);4153
Reisiswil;4919
Reitnau;5057
Rekingen (AG);5332
Remaufens;1617
Remaufens;1618
Remetschwil;5453
Remigen;5235
Remigen;5236
Renan (BE);2616
Renens (VD);1008
Renens (VD);1020
Rennaz;1847
Reute (AR);9411
Reute (AR);9414
Reute (AR);9437
Reutigen;3647
Reverolle;1128
Rheinau;8462
Rheineck;9424
Rheineck;9425
Rheineck;9426
Rheinfelden;4310
Rheinfelden;4313
Rhäzüns;7403
Riaz;1628
Riaz;1632
Richterswil;8805
Richterswil;8833
Rickenbach (BL);4462
Rickenbach (LU);5735
Rickenbach (LU);6221
Rickenbach (SO);4613
Rickenbach (TG);9532
Rickenbach (TG);9535
Rickenbach (TG);9536
Rickenbach (ZH);8545
Riddes;1908
Riddes;1914
Riddes;1918
Ried bei Kerzers;3216
Ried-Brig;3900
Ried-Brig;3901
Ried-Brig;3911
Riederalp;3982
Riederalp;3983
Riederalp;3986
Riederalp;3987
Riedholz;4523
Riedholz;4533
Riehen;4058
Riehen;4125
Riemenstalden;6452
Rietheim;5323
Rifferswil;8911
Riggisberg;3099
Riggisberg;3132
Riggisberg;3155
Riggisberg;3664
Ringgenberg (BE);3805
Ringgenberg (BE);3852
Riniken;5223
Risch;6343
Riva San Vitale;6826
Rivaz;1071
Roche (VD);1852
Rochefort;2019
Rochefort;2035
Rochefort;2037
Rochefort;2103
Rochefort;2149
Rochefort;2318
Roches (BE);2740
Roches (BE);2762
Rocourt;2907
Rodersdorf;4118
Roggenburg;2814
Roggenburg;4245
Roggliswil;6265
Roggwil (BE);4914
Roggwil (TG);9306
Roggwil (TG);9308
Roggwil (TG);9315
Roggwil (TG);9320
Roggwil (TG);9325
Rohr (SO);4655
Rohrbach;4938
Rohrbachgraben;4938
Rolle;1180
Rolle;1185
Romainmôtier-Envy;1323
Romanel-sur-Lausanne;1032
Romanel-sur-Morges;1122
Romanshorn;8590
Romont (BE);2536
Romont (BE);2538
Romont (BE);2603
Romont (FR);1680
Romoos;6110
Romoos;6113
Romoos;6166
Romoos;6167
Romoos;6170
Ronco sopra Ascona;6613
Ronco sopra Ascona;6618
Ronco sopra Ascona;6622
Rongellen;7430
Root;6035
Root;6037
Root;6038
Root;6039
Root;6044
Ropraz;1088
Ropraz;1513
Rorbas;8427
Rorbas;8428
Rorschach;9400
Rorschacherberg;9404
Rorschacherberg;9405
Rorschacherberg;9422
Rossa;6546
Rossa;6547
Rossa;6548
Rossemaison;2842
Rossenges;1513
Rossinière;1658
Rothenbrunnen;7405
Rothenburg;6023
Rothenburg;6026
Rothenburg;6206
Rothenfluh;4467
Rothenthurm;6418
Rothrist;4802
Rothrist;4852
Rottenschwil;8919
Rougemont;1659
Roveredo (GR);6535
Roveredo (GR);6549
Rovio;6821
Rovray;1463
Rubigen;3112
Rubigen;3113
Rudolfstetten-Friedlisb.;8964
Rue;1673
Rue;1675
Rueyres;1046
Rueyres;1047
Rueyres-les-Prés;1530
Rueyres-les-Prés;1542
Rumendingen;3472
Rumisberg;4539
Rupperswil;5102
Rupperswil;5103
Russikon;8322
Russikon;8332
Russin;1281
Ruswil;6016
Ruswil;6017
Ruswil;6018
Ruswil;6019
Ruswil;6105
Ruswil;6106
Ruswil;6110
Ruswil;6206
Ruswil;6207
Römerswil;6026
Römerswil;6027
Römerswil;6028
Römerswil;6280
Römerswil;6283
Röschenz;4244
Röthenbach im Emmental;3533
Röthenbach im Emmental;3537
Röthenbach im Emmental;3538
Röthenbach im Emmental;3615
Röthenbach im Emmental;3618
Rüderswil;3432
Rüderswil;3433
Rüderswil;3436
Rüderswil;3437
Rüderswil;3438
Rüderswil;3439
Rüderswil;3453
Rüdlingen;8455
Rüdtligen-Alchenflüh;3422
Rüeggisberg;3087
Rüeggisberg;3088
Rüeggisberg;3089
Rüeggisberg;3099
Rüeggisberg;3132
Rüeggisberg;3154
Rüeggisberg;3155
Rüegsau;3415
Rüegsau;3416
Rüegsau;3417
Rüegsau;3418
Rüegsau;3454
Rüfenach;5200
Rüfenach;5235
Rümikon;5464
Rümlang;8052
Rümlang;8152
Rümlang;8153
Rümligen;3128
Rümligen;3132
Rümlingen;4444
Rünenberg;4497
Rüschegg;1738
Rüschegg;3099
Rüschegg;3152
Rüschegg;3153
Rüschegg;3154
Rüschegg;3156
Rüschegg;3157
Rüschlikon;8803
Rüte;9050
Rüte;9057
Rüte;9058
Rüthi (SG);9463
Rüthi (SG);9464
Rüti (ZH);8630
Rüti bei Büren;3295
Rüti bei Lyssach;3421
Rütschelen;4933
Rüttenen;4500
Rüttenen;4522
Rüttenen;4532
S-chanf;7525
S-chanf;7526
Saanen;1657
Saanen;3777
Saanen;3778
Saanen;3780
Saanen;3781
Saanen;3783
Saanen;3792
Saas-Almagell;3905
Saas-Balen;3908
Saas-Fee;3906
Saas-Fee;3910
Saas-Grund;3910
Sachseln;6067
Sachseln;6072
Sachseln;6073
Sachseln;6074
Safenwil;5745
Safiental;7104
Safiental;7106
Safiental;7107
Safiental;7109
Safiental;7122
Safiental;7402
Safnern;2553
Sagogn;7152
Saicourt;2712
Saicourt;2713
Saicourt;2720
Saicourt;2732
Saignelégier;2350
Saignelégier;2353
Saignelégier;2354
Saillon;1913
Saint-Aubin (FR);1566
Saint-Aubin-Sauges;2024
Saint-Aubin-Sauges;2027
Saint-Aubin-Sauges;2028
Saint-Barthélemy (VD);1040
Saint-Blaise;2072
Saint-Brais;2364
Saint-Brais;2873
Saint-Brais;2882
Saint-Brais;2883
Saint-Brais;2886
Saint-Cergue;1264
Saint-Cergue;1265
Saint-Cergue;1276
Saint-George;1188
Saint-Gingolph;1898
Saint-Imier;2345
Saint-Imier;2610
Saint-Livres;1145
Saint-Livres;1170
Saint-Livres;1176
Saint-Légier-La Chiésaz;1806
Saint-Léonard;1958
Saint-Martin (FR);1609
Saint-Martin (VS);1969
Saint-Martin (VS);1982
Saint-Maurice;1890
Saint-Maurice;1902
Saint-Oyens;1187
Saint-Prex;1162
Saint-Saphorin (Lavaux);1071
Saint-Sulpice (VD);1015
Saint-Sulpice (VD);1024
Saint-Sulpice (VD);1025
Sainte-Croix;1445
Sainte-Croix;1450
Sainte-Croix;1452
Sainte-Croix;1454
Salenstein;8268
Salenstein;8269
Salgesch;3970
Salmsach;8580
Salmsach;8599
Salmsach;9322
Salvan;1922
Salvan;1923
Samedan;7503
Samedan;7504
Samnaun;7562
Samnaun;7563
San Vittore;6534
Sant'Antonino;6515
Sant'Antonino;6528
Sant'Antonino;6592
Sant'Antonino;6593
Sant'Antonio;6583
Sant'Antonio;6584
Santa Maria in Calanca;6541
Sargans;7320
Sargans;8888
Sarmenstorf;5614
Sarmenstorf;5618
Sarnen;6056
Sarnen;6060
Sarnen;6062
Sarnen;6063
Sarzens;1683
Satigny;1214
Satigny;1217
Satigny;1242
Satigny;1281
Sattel;6417
Sattel;6418
Saubraz;1189
Sauge;2535
Sauge;2536
Sauge;2537
Saulcy;2718
Saulcy;2873
Saules (BE);2732
Savigny;1073
Savigny;1090
Savigny;1091
Savièse;1950
Savièse;1962
Savièse;1965
Savosa;6942
Savosa;6948
Saxeten;3813
Saxon;1907
Schaffhausen;8200
Schaffhausen;8203
Schaffhausen;8207
Schaffhausen;8208
Schaffhausen;8212
Schaffhausen;8222
Schaffhausen;8231
Schafisheim;5503
Schangnau;6197
Scharans;7412
Scharans;7413
Schattdorf;6467
Schattdorf;6469
Schattenhalb;3860
Schelten;2827
Schenkon;6210
Schenkon;6214
Schenkon;6222
Scherz;5246
Scheuren;2556
Schiers;7214
Schiers;7220
Schiers;7222
Schiers;7226
Schiers;7228
Schinznach;5107
Schinznach;5108
Schinznach-Bad;5116
Schlatt (TG);8252
Schlatt (ZH);8354
Schlatt (ZH);8405
Schlatt (ZH);8418
Schlatt-Haslen;9050
Schlatt-Haslen;9052
Schlatt-Haslen;9053
Schlatt-Haslen;9054
Schlatt-Haslen;9055
Schlatt-Haslen;9056
Schleinikon;8165
Schleitheim;8226
Schlierbach;6231
Schlieren;8902
Schlieren;8952
Schlossrued;5044
Schlosswil;3082
Schluein;7151
Schmerikon;8716
Schmerikon;8730
Schmiedrued;5046
Schmitten (FR);1712
Schmitten (FR);1713
Schmitten (FR);3182
Schmitten (FR);3185
Schmitten (GR);7493
Schneisingen;5425
Schnottwil;3253
Schongau;6287
Schongau;6288
Schupfart;4325
Schwaderloch;5326
Schwadernau;2556
Schwadernau;2558
Schwanden bei Brienz;3855
Schwarzenberg;6013
Schwarzenberg;6103
Schwarzenburg;3148
Schwarzenburg;3150
Schwarzenburg;3152
Schwarzenburg;3154
Schwarzenburg;3157
Schwarzenburg;3183
Schwarzhäusern;4911
Schwellbrunn;9100
Schwellbrunn;9103
Schwellbrunn;9104
Schwellbrunn;9105
Schwellbrunn;9113
Schwende;9050
Schwende;9057
Schwende;9058
Schwende;9107
Schwende;9108
Schwendibach;3612
Schwendibach;3624
Schwerzenbach;8600
Schwerzenbach;8603
Schwyz;6417
Schwyz;6423
Schwyz;6430
Schwyz;6432
Schwyz;6438
Schwyz;8842
Schwyz;8843
Schwyz;8849
Schänis;8718
Schänis;8722
Schänis;8723
Schänis;8866
Schöfflisdorf;8165
Schöftland;5040
Schönenberg (ZH);8824
Schönenbuch;4124
Schönengrund;9105
Schönengrund;9107
Schönenwerd;5012
Schönholzerswilen;8577
Schötz;6143
Schötz;6247
Schübelbach;8717
Schübelbach;8854
Schübelbach;8855
Schübelbach;8862
Schübelbach;8863
Schüpfen;3053
Schüpfen;3054
Schüpfheim;6170
Scuol;7545
Scuol;7546
Scuol;7550
Scuol;7551
Scuol;7552
Scuol;7553
Scuol;7554
Seeberg;3365
Seeberg;3474
Seeberg;3475
Seeberg;3476
Seeberg;4943
Seedorf (BE);3035
Seedorf (BE);3266
Seedorf (BE);3267
Seedorf (BE);3268
Seedorf (BE);3270
Seedorf (UR);6462
Seegräben;8607
Seehof;2747
Seelisberg;6377
Seelisberg;6441
Seengen;5707
Seewen;4206
Seewis im Prättigau;7212
Seewis im Prättigau;7215
Seftigen;3662
Seltisberg;4411
Seltisberg;4412
Selzach;2545
Selzach;4574
Sembrancher;1933
Sementina;6514
Sempach;6204
Semsales;1623
Semsales;1624
Semsales;1627
Senarclens;1304
Sennwald;9465
Sennwald;9466
Sennwald;9467
Sennwald;9468
Sennwald;9469
Sennwald;9473
Senèdes;1724
Seon;5703
Sergey;1355
Serravalle;6713
Serravalle;6714
Serravalle;6721
Servion;1077
Servion;1080
Sessa;6997
Seuzach;8472
Sevelen;9470
Sevelen;9475
Sevelen;9476
Siblingen;8225
Sierre;1958
Sierre;3960
Sierre;3965
Sierre;3966
Sierre;3971
Sierre;3976
Sierre;3977
Siglistorf;5462
Signau;3534
Signau;3535
Signau;3543
Signy-Avenex;1274
Sigriswil;3619
Sigriswil;3623
Sigriswil;3654
Sigriswil;3655
Sigriswil;3656
Sigriswil;3657
Sigriswil;3658
Silenen;6473
Silenen;6474
Silenen;6475
Silenen;6476
Sils im Domleschg;7411
Sils im Engadin/Segl;7514
Sils im Engadin/Segl;7515
Sils im Engadin/Segl;7517
Silvaplana;7512
Silvaplana;7513
Simplon;3907
Sins;5643
Sins;5644
Sins;5645
Sins;6034
Sins;6275
Sion;1950
Sion;1958
Sion;1962
Sion;1965
Sion;1967
Sion;1971
Sion;1991
Sion;1992
Sion;1993
Sion;1994
Sirnach;8370
Sirnach;8371
Sirnach;8372
Sirnach;9573
Siselen;2577
Sisikon;6452
Sissach;4450
Sisseln;4334
Siviriez;1676
Siviriez;1677
Siviriez;1678
Siviriez;1679
Siviriez;1680
Soazza;6562
Sobrio;6749
Solothurn;4500
Sommeri;8580
Sonceboz-Sombeval;2605
Sonceboz-Sombeval;2606
Sonceboz-Sombeval;2720
Sonogno;6637
Sonvilier;2333
Sonvilier;2345
Sonvilier;2610
Sonvilier;2615
Soral;1286
Sorengo;6924
Sorens;1642
Sorvilier;2736
Soubey;2887
Soyhières;2805
Speicher;9037
Speicher;9042
Spiez;3645
Spiez;3646
Spiez;3700
Spiez;3702
Spiez;3704
Spiez;3705
Spiringen;6464
Spiringen;8751
Splügen;7435
Splügen;7436
Spreitenbach;8953
Spreitenbach;8957
St. Antoni;1713
St. Antoni;1714
St. Antoni;1715
St. Antoni;3182
St. Antoni;3185
St. Gallen;9000
St. Gallen;9008
St. Gallen;9010
St. Gallen;9011
St. Gallen;9012
St. Gallen;9014
St. Gallen;9015
St. Gallen;9016
St. Gallen;9030
St. Gallen;9037
St. Gallen;9042
St. Gallen;9300
St. Margrethen;9424
St. Margrethen;9428
St. Margrethen;9430
St. Moritz;7500
St. Moritz;7512
St. Niklaus;3924
St. Niklaus;3927
St. Silvester;1724
St. Silvester;1734
St. Silvester;1736
St. Stephan;3772
St. Stephan;3773
St. Ursen;1715
St. Ursen;1717
St. Ursen;1718
Stabio;6853
Stabio;6854
Stabio;6855
Stadel;8174
Stadel;8175
Staffelbach;5053
Stalden (VS);3922
Staldenried;3933
Stallikon;8143
Stans;6370
Stansstad;6362
Stansstad;6363
Stansstad;6365
Starrkirch-Wil;4600
Starrkirch-Wil;4656
Starrkirch-Wil;4657
Staufen;5603
Steckborn;8266
Steffisburg;3612
Steffisburg;3613
Steffisburg;3617
Steffisburg;3627
Steg-Hohtenn;3940
Steg-Hohtenn;3949
Stein (AG);4332
Stein (AR);9014
Stein (AR);9063
Stein am Rhein;8260
Steinach;9305
Steinach;9323
Steinen;6422
Steinerberg;6416
Steinhausen;6300
Steinhausen;6312
Steinhausen;6330
Steinmaur;8155
Steinmaur;8162
Stetten (AG);5608
Stetten (SH);8234
Stettfurt;9507
Stettfurt;9548
Stettlen;3066
Stettlen;3067
Stettlen;3076
Stocken-Höfen;3631
Stocken-Höfen;3632
Strengelbach;4802
Studen (BE);2557
Stäfa;8712
Stäfa;8713
Stüsslingen;4655
Subingen;4553
Suchy;1433
Sufers;7434
Suhr;5033
Suhr;5034
Sulgen;8583
Sulgen;9214
Sullens;1036
Sumiswald;3416
Sumiswald;3454
Sumiswald;3455
Sumiswald;3457
Sumiswald;3462
Sumiswald;4952
Sumiswald;4954
Sumvitg;7172
Sumvitg;7173
Sumvitg;7174
Sumvitg;7175
Sumvitg;7176
Surpierre;1528
Sursee;6210
Surses;7452
Surses;7453
Surses;7454
Surses;7455
Surses;7456
Surses;7457
Surses;7460
Surses;7462
Surses;7463
Surses;7464
Suscévaz;1437
Sutz-Lattrigen;2572
Syens;1510
Sâles;1625
Sâles;1626
Sévaz;1541
Sévery;1141
Sévery;1143
Tafers;1700
Tafers;1712
Tafers;1713
Tamins;7015
Tamins;7315
Tannay;1295
Tartegnin;1180
Tavannes;2710
Tavannes;2720
Tecknau;4492
Tegerfelden;5306
Tenero-Contra;6598
Tenero-Contra;6646
Tenniken;4443
Tenniken;4456
Tentlingen;1734
Termen;3900
Termen;3912
Termen;3913
Termen;3982
Terre di Pedemonte;6652
Terre di Pedemonte;6653
Terre di Pedemonte;6654
Teufen (AR);9012
Teufen (AR);9042
Teufen (AR);9052
Teufen (AR);9053
Teufen (AR);9055
Teufen (AR);9062
Teufenthal (AG);5723
Teufenthal (AG);5724
Teuffenthal (BE);3623
Thal;9404
Thal;9422
Thal;9423
Thal;9425
Thal;9427
Thalheim (AG);5112
Thalheim an der Thur;8478
Thalwil;8136
Thalwil;8800
Thayngen;8236
Thayngen;8240
Thayngen;8241
Thayngen;8242
Thayngen;8243
Therwil;4106
Therwil;4153
Thierachern;3633
Thierachern;3634
Thierachern;3635
Thierachern;3636
Thun;3600
Thun;3603
Thun;3604
Thun;3608
Thun;3612
Thun;3624
Thun;3626
Thun;3645
Thundorf;8500
Thundorf;8512
Thunstetten;4922
Thusis;7430
Thônex;1224
Thônex;1225
Thônex;1226
Thônex;1231
Thörigen;3367
Thörigen;3476
Thürnen;4441
Thürnen;4450
Titterten;4425
Tobel-Tägerschen;9554
Tobel-Tägerschen;9555
Toffen;3123
Toffen;3125
Toffen;3126
Tolochenaz;1131
Torny;1748
Torny;1749
Torricella-Taverne;6807
Torricella-Taverne;6808
Trachselwald;3453
Trachselwald;3456
Trachselwald;3551
Tramelan;2720
Tramelan;2722
Tramelan;2723
Trasadingen;8217
Trasadingen;8219
Treiten;3226
Trey;1552
Treycovagnes;1436
Treytorrens (Payerne);1538
Treyvaux;1724
Treyvaux;1733
Triengen;6213
Triengen;6234
Triengen;6235
Triengen;6236
Trient;1929
Trimbach;4600
Trimbach;4632
Trimbach;4634
Trimmis;7000
Trimmis;7202
Trimmis;7203
Trin;7014
Trin;7016
Trogen;9043
Troinex;1255
Troinex;1256
Troinex;1257
Troistorrents;1872
Troistorrents;1875
Trub;3537
Trub;3552
Trub;3555
Trub;3556
Trub;3557
Trubschachen;3537
Trubschachen;3555
Trubschachen;3556
Trun;7166
Trun;7167
Trun;7168
Trun;7172
Truttikon;8467
Trélex;1270
Trélex;1274
Trüllikon;8465
Trüllikon;8466
Tschappina;7428
Tschiertschen-Praden;7063
Tschiertschen-Praden;7064
Tschugg;3233
Tuggen;8730
Tuggen;8855
Tuggen;8856
Tujetsch;7187
Tujetsch;7188
Tujetsch;7189
Turbenthal;8363
Turbenthal;8488
Turbenthal;8492
Turbenthal;8495
Turgi;5300
Turtmann-Unterems;3945
Turtmann-Unterems;3946
Turtmann-Unterems;3948
Twann-Tüscherz;2505
Twann-Tüscherz;2512
Twann-Tüscherz;2513
Twann-Tüscherz;2516
Twann-Tüscherz;2532
Twann-Tüscherz;3235
Tägerig;5522
Tägertschi;3111
Tägerwilen;8274
Tägerwilen;8280
Täsch;3929
Täuffelen;2575
Tévenon;1423
Tévenon;1453
Törbel;3923
Tübach;9326
Tübach;9327
Udligenswil;6044
Ueberstorf;3182
Uebeschi;3635
Ueken;5028
Uerkheim;4812
Uerkheim;4813
Uesslingen-Buch;8524
Uetendorf;3661
Uetikon am See;8707
Uezwil;5619
Ufhusen;4952
Ufhusen;4955
Ufhusen;6153
Uitikon;8142
Uitikon;8143
Ulmiz;3214
Unterbäch;3944
Untereggen;9033
Untereggen;9402
Untereggen;9404
Unterengstringen;8103
Unterengstringen;8951
Unterengstringen;8952
Unterentfelden;5035
Unteriberg;8842
Unteriberg;8844
Unteriberg;8845
Unterkulm;5722
Unterkulm;5723
Unterkulm;5726
Unterlangenegg;3614
Unterlangenegg;3616
Unterlunkhofen;8918
Unterramsern;4588
Unterschächen;6465
Unterseen;3800
Untersiggenthal;5300
Untersiggenthal;5301
Untersiggenthal;5416
Untersiggenthal;5417
Unterstammheim;8476
Untervaz;7204
Unterägeri;6314
Unterägeri;6315
Urdorf;8902
Urmein;7427
Urnäsch;9103
Urnäsch;9104
Urnäsch;9107
Ursenbach;4936
Ursenbach;4937
Ursenbach;4942
Ursenbach;4943
Ursins;1412
Ursy;1670
Ursy;1674
Ursy;1675
Urtenen-Schönbühl;3322
Uster;8606
Uster;8610
Uster;8614
Uster;8615
Uster;8616
Uster;8617
Uttigen;3628
Uttwil;8590
Uttwil;8592
Utzenstorf;3427
Uznach;8730
Uzwil;9240
Uzwil;9242
Uzwil;9244
Uzwil;9247
Uzwil;9249
Vacallo;6833
Val Müstair;7532
Val Müstair;7533
Val Müstair;7534
Val Müstair;7535
Val Müstair;7536
Val Müstair;7537
Val Terbi;2824
Val Terbi;2828
Val Terbi;2829
Val Terbi;2832
Val-d'Illiez;1873
Val-de-Charmey;1637
Val-de-Charmey;1654
Val-de-Charmey;1716
Val-de-Ruz;2037
Val-de-Ruz;2042
Val-de-Ruz;2043
Val-de-Ruz;2046
Val-de-Ruz;2052
Val-de-Ruz;2053
Val-de-Ruz;2054
Val-de-Ruz;2056
Val-de-Ruz;2057
Val-de-Ruz;2058
Val-de-Ruz;2063
Val-de-Ruz;2065
Val-de-Ruz;2067
Val-de-Ruz;2206
Val-de-Ruz;2207
Val-de-Ruz;2208
Val-de-Ruz;2518
Val-de-Ruz;2523
Val-de-Ruz;2616
Val-de-Travers;2103
Val-de-Travers;2105
Val-de-Travers;2108
Val-de-Travers;2112
Val-de-Travers;2113
Val-de-Travers;2114
Val-de-Travers;2115
Val-de-Travers;2116
Val-de-Travers;2123
Val-de-Travers;2124
Val-de-Travers;2126
Val-de-Travers;2127
Val-de-Travers;2318
Val-de-Travers;2406
Valangin;2042
Valbirse;2733
Valbirse;2735
Valbroye;1485
Valbroye;1522
Valbroye;1523
Valbroye;1524
Valbroye;1525
Valbroye;1534
Valbroye;1535
Valbroye;1536
Valbroye;1682
Valeyres-sous-Montagny;1441
Valeyres-sous-Rances;1358
Valeyres-sous-Ursins;1412
Valeyres-sous-Ursins;1432
Vallon;1565
Vallorbe;1337
Vals;7116
Vals;7132
Valsot;7556
Valsot;7557
Valsot;7558
Valsot;7559
Valsot;7560
Vandoeuvres;1223
Vandoeuvres;1253
Varen;3953
Vaulion;1325
Vaulruz;1627
Vaumarcus;2028
Vaux-sur-Morges;1126
Vaz/Obervaz;7076
Vaz/Obervaz;7077
Vaz/Obervaz;7078
Vaz/Obervaz;7082
Vaz/Obervaz;7450
Vechigen;3066
Vechigen;3067
Vechigen;3068
Vechigen;3076
Vechigen;3513
Vellerat;2830
Veltheim (AG);5106
Vendlincourt;2943
Venthône;3973
Verdabbio;6538
Verdabbio;6557
Vergeletto;6664
Vernate;6990
Vernate;6992
Vernate;6993
Vernay;1475
Vernayaz;1904
Vernayaz;1920
Vernier;1209
Vernier;1214
Vernier;1216
Vernier;1219
Vernier;1220
Versoix;1290
Vevey;1800
Vex;1981
Vex;1988
Vex;1992
Veyras;3968
Veyrier;1234
Veyrier;1255
Veyrier;1256
Veysonnaz;1991
Veysonnaz;1993
Veytaux;1820
Vezia;6943
Vich;1267
Vico Morcote;6921
Villarepos;1583
Villars-Epeney;1404
Villars-Sainte-Croix;1029
Villars-le-Comte;1515
Villars-le-Terroir;1040
Villars-sous-Yens;1168
Villars-sur-Glâne;1752
Villarsel-sur-Marly;1723
Villarzel;1554
Villarzel;1555
Villaz-Saint-Pierre;1690
Villeneuve (FR);1525
Villeneuve (FR);1527
Villeneuve (VD);1844
Villeret;2345
Villeret;2610
Villeret;2613
Villigen;5233
Villigen;5234
Villmergen;5605
Villmergen;5610
Villmergen;5611
Villmergen;5612
Villmergen;5613
Villnachern;5213
Villorsonnens;1690
Villorsonnens;1694
Vilters-Wangs;7323
Vilters-Wangs;7324
Vinelz;2576
Vinelz;3234
Vinzel;1184
Vinzel;1268
Vionnaz;1895
Vionnaz;1899
Visp;3930
Visperterminen;3922
Visperterminen;3930
Visperterminen;3932
Vitznau;6354
Vitznau;6356
Vogorno;6632
Volken;8459
Volketswil;8307
Volketswil;8604
Volketswil;8605
Vollèges;1927
Vollèges;1933
Vollèges;1941
Vollèges;1942
Vordemwald;4803
Vordemwald;4852
Vorderthal;8857
Vouvry;1896
Vouvry;1897
Vuadens;1628
Vuarrens;1418
Vucherens;1509
Vufflens-la-Ville;1302
Vufflens-le-Château;1134
Vugelles-La Mothe;1431
Vuissens;1486
Vuisternens-dev-Romont;1685
Vuisternens-dev-Romont;1686
Vuisternens-dev-Romont;1687
Vuisternens-dev-Romont;1688
Vuisternens-dev-Romont;1697
Vuiteboeuf;1445
Vulliens;1084
Vulliens;1085
Vullierens;1115
Vully-les-Lacs;1584
Vully-les-Lacs;1585
Vully-les-Lacs;1586
Vully-les-Lacs;1587
Vully-les-Lacs;1589
Vully-les-Lacs;1787
Vérossaz;1891
Vétroz;1963
Wachseldorn;3618
Wagenhausen;8259
Wahlen;4246
Walchwil;6318
Wald (AR);9043
Wald (AR);9044
Wald (BE);3086
Wald (BE);3087
Wald (BE);3096
Wald (ZH);8636
Wald (ZH);8637
Waldenburg;4418
Waldenburg;4437
Waldenburg;4438
Waldkirch;9032
Waldkirch;9204
Waldkirch;9205
Waldkirch;9213
Waldkirch;9246
Waldkirch;9300
Waldkirch;9304
Waldstatt;9100
Waldstatt;9103
Waldstatt;9104
Walenstadt;8880
Walenstadt;8881
Walenstadt;8890
Walenstadt;8892
Walenstadt;8893
Walenstadt;8896
Walkringen;3068
Walkringen;3512
Walkringen;3513
Wallbach;4323
Wallenried;1784
Wallisellen;8304
Walliswil bei Niederbipp;3380
Walliswil bei Wangen;3377
Walperswil;3272
Waltalingen;8468
Waltensburg/Vuorz;7158
Waltenschwil;5622
Walterswil (BE);3463
Walterswil (BE);3464
Walterswil (BE);4942
Walterswil (BE);4943
Walterswil (SO);5746
Walzenhausen;9427
Walzenhausen;9428
Wangen (SZ);8853
Wangen (SZ);8854
Wangen (SZ);8855
Wangen an der Aare;3380
Wangen an der Aare;4536
Wangen bei Olten;4612
Wangen-Brüttisellen;8306
Wangen-Brüttisellen;8602
Wangenried;3374
Wartau;9476
Wartau;9477
Wartau;9478
Wartau;9479
Warth-Weiningen;8532
Warth-Weiningen;8536
Wassen;6482
Wassen;6484
Wassen;6485
Wasterkingen;8195
Wasterkingen;8196
Wattenwil;3664
Wattenwil;3665
Wattwil;8726
Wattwil;9615
Wattwil;9620
Wattwil;9622
Wattwil;9630
Wattwil;9631
Wattwil;9633
Wattwil;9642
Wauwil;6242
Weesen;8872
Wegenstetten;4317
Weggis;6353
Weggis;6354
Weggis;6356
Weiach;8187
Weinfelden;8570
Weinfelden;8575
Weiningen (ZH);8104
Weiningen (ZH);8951
Weisslingen;8308
Weisslingen;8484
Weisslingen;8486
Welschenrohr;4716
Wengi;3251
Wenslingen;4492
Wenslingen;4493
Wenslingen;4495
Werthenstein;6105
Werthenstein;6106
Werthenstein;6110
Wettingen;5430
Wettswil am Albis;8907
Wetzikon (ZH);8340
Wetzikon (ZH);8345
Wetzikon (ZH);8620
Wetzikon (ZH);8623
Wetzikon (ZH);8624
Wichtrach;3114
Wichtrach;3510
Widen;8967
Widnau;9435
Widnau;9443
Wiedlisbach;3380
Wiedlisbach;4537
Wiesendangen;8542
Wiesendangen;8543
Wiesendangen;8544
Wiesendangen;8546
Wiggiswil;3053
Wigoltingen;8554
Wigoltingen;8556
Wigoltingen;8560
Wigoltingen;8564
Wikon;4806
Wikon;6260
Wil (SG);9500
Wil (SG);9512
Wil (SG);9514
Wil (SG);9524
Wil (SG);9536
Wil (SG);9543
Wil (SG);9552
Wil (ZH);8196
Wila;8492
Wila;8493
Wilchingen;8217
Wilchingen;8218
Wildberg;8322
Wildberg;8488
Wildberg;8489
Wildberg;8492
Wilderswil;3800
Wilderswil;3812
Wilderswil;3815
Wildhaus-Alt St. Johann;9107
Wildhaus-Alt St. Johann;9656
Wildhaus-Alt St. Johann;9657
Wildhaus-Alt St. Johann;9658
Wilen (TG);9535
Wiler (Lötschen);3918
Wiler bei Utzenstorf;3427
Wiler bei Utzenstorf;3428
Wileroltigen;3207
Wiliberg;5058
Willadingen;3425
Willisau;6122
Willisau;6125
Willisau;6126
Willisau;6130
Willisau;6132
Willisau;6133
Willisau;6144
Willisau;6154
Willisau;6156
Willisau;6248
Wimmis;3711
Wimmis;3752
Windisch;5210
Winkel;8180
Winkel;8185
Wintersingen;4451
Winterthur;8310
Winterthur;8352
Winterthur;8400
Winterthur;8404
Winterthur;8405
Winterthur;8406
Winterthur;8408
Winterthur;8409
Winterthur;8482
Winterthur;8542
Winterthur;8545
Winznau;4652
Wisen (SO);4634
Wislikofen;5463
Wittenbach;9008
Wittenbach;9300
Wittenbach;9308
Witterswil;4108
Wittinsburg;4442
Wittinsburg;4443
Wittinsburg;4444
Wittnau;5064
Wohlen (AG);5610
Wohlen (AG);5611
Wohlen bei Bern;3032
Wohlen bei Bern;3033
Wohlen bei Bern;3034
Wohlen bei Bern;3035
Wohlen bei Bern;3036
Wohlen bei Bern;3037
Wohlen bei Bern;3042
Wohlen bei Bern;3043
Wohlen bei Bern;3044
Wohlen bei Bern;3045
Wohlen bei Bern;3049
Wohlenschwil;5506
Wohlenschwil;5512
Wolfenschiessen;6383
Wolfenschiessen;6386
Wolfenschiessen;6387
Wolfenschiessen;6388
Wolfenschiessen;6390
Wolfhalden;9410
Wolfhalden;9425
Wolfhalden;9427
Wolfhalden;9428
Wolfisberg;4704
Wolfwil;4628
Wolhusen;6110
Wolhusen;6114
Wolhusen;6122
Wollerau;8806
Wollerau;8825
Wollerau;8832
Wollerau;8833
Wollerau;8834
Worb;3068
Worb;3075
Worb;3076
Worb;3077
Worb;3078
Worb;3082
Worb;3113
Worben;3252
Wuppenau;9514
Wuppenau;9515
Wynau;4853
Wynau;4923
Wynigen;3464
Wynigen;3472
Wynigen;3474
Wyssachen;3457
Wyssachen;4953
Wyssachen;4954
Wädenswil;8804
Wädenswil;8820
Wäldi;8558
Wäldi;8564
Wängi;9545
Wängi;9546
Wölflinswil;5026
Wölflinswil;5063
Wünnewil-Flamatt;3175
Wünnewil-Flamatt;3176
Wünnewil-Flamatt;3184
Wünnewil-Flamatt;3185
Würenlingen;5303
Würenlos;5430
Würenlos;5436
Würenlos;8109
Yens;1169
Yverdon-les-Bains;1400
Yverdon-les-Bains;1432
Yvonand;1462
Yvorne;1846
Yvorne;1852
Yvorne;1853
Zeglingen;4495
Zeihen;5079
Zeiningen;4314
Zeiningen;4315
Zeiningen;4323
Zell (LU);6144
Zell (LU);6152
Zell (LU);6153
Zell (ZH);8483
Zell (ZH);8486
Zell (ZH);8487
Zeneggen;3934
Zermatt;3920
Zernez;7527
Zernez;7530
Zernez;7542
Zernez;7543
Zetzwil;5732
Ziefen;4417
Zielebach;4564
Zihlschlacht-Sitterdorf;8588
Zihlschlacht-Sitterdorf;8589
Zihlschlacht-Sitterdorf;9220
Zihlschlacht-Sitterdorf;9313
Zillis-Reischen;7432
Zizers;7201
Zizers;7205
Zofingen;4800
Zofingen;4812
Zollikofen;3052
Zollikon;8125
Zollikon;8702
Zuchwil;4528
Zufikon;5621
Zug;6300
Zug;6314
Zug;6317
Zug;6318
Zug;6330
Zullwil;4234
Zumholz;1719
Zumikon;8126
Zunzgen;4455
Zuoz;7524
Zuzgen;4315
Zuzwil (BE);3303
Zuzwil (SG);9500
Zuzwil (SG);9515
Zuzwil (SG);9523
Zuzwil (SG);9524
Zweisimmen;3770
Zweisimmen;3771
Zweisimmen;3776
Zweisimmen;3777
Zwieselberg;3645
Zwingen;4222
Zwingen;4242
Zwischbergen;3907
Zäziwil;3506
Zäziwil;3531
Zäziwil;3532
Zäziwil;3533
Zürich;8001
Zürich;8002
Zürich;8003
Zürich;8004
Zürich;8005
Zürich;8006
Zürich;8008
Zürich;8032
Zürich;8037
Zürich;8038
Zürich;8041
Zürich;8044
Zürich;8045
Zürich;8046
Zürich;8047
Zürich;8048
Zürich;8049
Zürich;8050
Zürich;8051
Zürich;8052
Zürich;8053
Zürich;8055
Zürich;8057
Zürich;8064
Zürich;8125
Zürich;8134
Zürich;8142
Zürich;8143
Zürich;8152
Zürich;8952
